Date,SessionTime,DriverAhead,DistanceToDriverAhead,Time,RPM,Speed,nGear,Throttle,Brake,DRS,Source,Distance,RelativeDistance,Status,X,Y,Z
06:46.7,0 days 00:19:42.050000,3,426.5813889,0 days 00:04:52.829000,11105,241,6,100,FALSE,8,car,10270.33167,0.287438678,OnTrack,-5120,-4221,717
06:46.8,0 days 00:19:42.085000,3,423.5390741,0 days 00:04:52.864000,11185,242,6,100,FALSE,8,pos,10272.70868,0.287505204,OnTrack,-5092,-4218,720
06:47.0,0 days 00:19:42.305000,3,420.4967593,0 days 00:04:53.084000,11266,244,6,100,FALSE,8,pos,10287.72972,0.287925602,OnTrack,-4873,-4198,740
06:47.1,0 days 00:19:42.369000,3,417.4544444,0 days 00:04:53.148000,11347,246,6,100,FALSE,8,car,10292.13,0.288048754,OnTrack,-4812,-4190,745
06:47.3,0 days 00:19:42.609000,3,410.2544444,0 days 00:04:53.388000,11473,250,6,100,FALSE,8,car,10308.79667,0.288515209,OnTrack,-4625,-4158,764
06:47.4,0 days 00:19:42.705000,3,405.8988889,0 days 00:04:53.484000,11596,253,6,100,FALSE,8,pos,10315.58577,0.288705217,OnTrack,-4575,-4147,769
06:47.6,0 days 00:19:42.889000,3,401.5433333,0 days 00:04:53.668000,11719,256,6,100,FALSE,8,car,10328.70778,0.289072466,OnTrack,-4516,-4128,773
06:47.7,0 days 00:19:43.005000,3,399.0988889,0 days 00:04:53.784000,11733,256,6,100,FALSE,8,pos,10336.9478,0.289303082,OnTrack,-4470,-4108,778
06:47.7,0 days 00:19:43.049000,3,396.6544444,0 days 00:04:53.828000,11747,256,6,100,FALSE,8,car,10340.08556,0.2893909,OnTrack,-4444,-4096,780
06:47.9,0 days 00:19:43.185000,3,393.6266667,0 days 00:04:53.964000,11187,257,6,100,FALSE,8,pos,10349.86104,0.289664489,OnTrack,-4351,-4052,789
06:47.9,0 days 00:19:43.249000,3,390.5988889,0 days 00:04:54.028000,10627,259,7,100,FALSE,8,car,10354.47444,0.289793605,OnTrack,-4308,-4030,792
06:48.2,0 days 00:19:43.529000,3,382.5877778,0 days 00:04:54.308000,10504,260,7,100,FALSE,8,car,10374.69667,0.290359571,OnTrack,-4127,-3938,808
06:48.2,0 days 00:19:43.545000,3,379.1169444,0 days 00:04:54.324000,10541,262,7,100,FALSE,8,pos,10375.86341,0.290392224,OnTrack,-4116,-3933,809
06:48.4,0 days 00:19:43.765000,3,375.6461111,0 days 00:04:54.544000,10578,264,7,100,FALSE,8,pos,10392.07088,0.290845828,OnTrack,-3956,-3864,822
06:48.7,0 days 00:19:43.970000,3,372.1752778,0 days 00:04:54.749000,10615,266,7,100,FALSE,8,car,10407.28167,0.291271536,OnTrack,-3823,-3816,831
06:48.8,0 days 00:19:44.086000,3,369.8975,0 days 00:04:54.865000,10700,266,7,100,FALSE,8,pos,10415.87694,0.291512095,OnTrack,-3748,-3794,837
06:48.9,0 days 00:19:44.170000,3,367.6197222,0 days 00:04:54.949000,10785,267,7,100,FALSE,8,car,10422.115,0.291686681,OnTrack,-3689,-3779,841
06:49.0,0 days 00:19:44.306000,3,365.1012037,0 days 00:04:55.085000,10773,267,7,100,FALSE,8,pos,10432.26568,0.291970771,OnTrack,-3590,-3758,848
06:49.2,0 days 00:19:44.506000,3,362.5826852,0 days 00:04:55.285000,10761,267,7,100,FALSE,8,pos,10447.1374,0.29238699,OnTrack,-3443,-3734,855
06:49.3,0 days 00:19:44.570000,3,360.0641667,0 days 00:04:55.349000,10749,267,7,100,FALSE,8,car,10451.78167,0.29251697,OnTrack,-3397,-3727,856
06:49.4,0 days 00:19:44.686000,3,357.8975,0 days 00:04:55.465000,10275,257,7,50,FALSE,8,pos,10460.04278,0.292748176,OnTrack,-3311,-3717,859
06:49.7,0 days 00:19:44.970000,3,355.7308333,0 days 00:04:55.749000,9801,247,7,0,TRUE,8,car,10479.22611,0.293285066,OnTrack,-3051,-3684,861
06:49.7,0 days 00:19:44.986000,3,355.5975,0 days 00:04:55.765000,9890,233,7,0,TRUE,8,pos,10480.24994,0.29331372,OnTrack,-3040,-3683,862
06:50.0,0 days 00:19:45.290000,3,355.4641667,0 days 00:04:56.069000,9980,220,7,0,TRUE,8,car,10498.78167,0.293832373,OnTrack,-2912,-3658,860
06:50.0,0 days 00:19:45.326000,3,355.3086111,0 days 00:04:56.105000,9991,217,7,0,TRUE,8,pos,10500.92971,0.29389249,OnTrack,-2896,-3654,861
06:50.2,0 days 00:19:45.546000,3,355.1530556,0 days 00:04:56.325000,10002,214,7,0,TRUE,8,pos,10513.8911,0.294255244,OnTrack,-2774,-3616,862
06:50.3,0 days 00:19:45.570000,3,354.9975,0 days 00:04:56.349000,10013,212,6,0,TRUE,8,car,10515.27056,0.294293852,OnTrack,-2760,-3611,862
06:50.3,0 days 00:19:45.665000,3,354.3975,0 days 00:04:56.444000,10139,206,6,0,TRUE,8,pos,10520.65227,0.294444471,OnTrack,-2711,-3591,862
06:50.5,0 days 00:19:45.810000,3,353.7975,0 days 00:04:56.589000,10265,201,5,0,TRUE,8,car,10528.67056,0.294668881,OnTrack,-2639,-3555,863
06:50.6,0 days 00:19:45.925000,3,352.9641667,0 days 00:04:56.704000,10108,197,5,0,TRUE,8,pos,10534.91578,0.294843668,OnTrack,-2586,-3523,864
06:50.7,0 days 00:19:46.010000,3,352.1308333,0 days 00:04:56.789000,9951,194,5,0,TRUE,8,car,10539.44833,0.294970522,OnTrack,-2548,-3496,864
06:50.8,0 days 00:19:46.105000,3,351.2419444,0 days 00:04:56.884000,9868,190,5,0,TRUE,8,pos,10544.41488,0.295109522,OnTrack,-2509,-3466,864
06:50.9,0 days 00:19:46.210000,3,350.3530556,0 days 00:04:56.989000,9785,187,5,0,TRUE,8,car,10549.83722,0.295261279,OnTrack,-2471,-3435,864
06:51.1,0 days 00:19:46.405000,3,348.8252778,0 days 00:04:57.184000,9619,185,5,0,TRUE,8,pos,10559.81048,0.295540403,OnTrack,-2401,-3359,866
06:51.1,0 days 00:19:46.410000,3,347.2975,0 days 00:04:57.189000,9453,184,5,0,TRUE,8,car,10560.05944,0.295547371,OnTrack,-2398,-3355,866
06:51.2,0 days 00:19:46.565000,3,345.4641667,0 days 00:04:57.344000,10013,178,5,0,TRUE,8,pos,10567.56425,0.29575741,OnTrack,-2328,-3247,867
06:51.3,0 days 00:19:46.650000,3,343.6308333,0 days 00:04:57.429000,10573,173,4,0,TRUE,8,car,10571.59278,0.295870158,OnTrack,-2305,-3207,867
06:51.6,0 days 00:19:46.905000,3,341.1419444,0 days 00:04:57.684000,10377,170,4,0,TRUE,8,pos,10583.51801,0.296203912,OnTrack,-2291,-3152,868
06:51.6,0 days 00:19:46.930000,3,338.6530556,0 days 00:04:57.709000,10182,168,4,0,TRUE,8,car,10584.65944,0.296235858,OnTrack,-2289,-3143,868
06:51.9,0 days 00:19:47.245000,3,335.3030556,0 days 00:04:58.024000,9950,163,4,0,TRUE,8,pos,10598.53873,0.296624302,OnTrack,-2264,-3002,871
06:52.0,0 days 00:19:47.290000,3,331.9530556,0 days 00:04:58.069000,9718,158,4,0,FALSE,8,car,10600.45944,0.296678057,OnTrack,-2262,-2981,871
06:52.1,0 days 00:19:47.445000,3,330.2863889,0 days 00:04:58.224000,9671,154,4,1,FALSE,8,pos,10606.976,0.296860438,OnTrack,-2263,-2915,872
06:52.2,0 days 00:19:47.490000,3,328.6197222,0 days 00:04:58.269000,9625,151,4,2,FALSE,8,car,10608.84833,0.296912839,OnTrack,-2264,-2895,872
06:52.3,0 days 00:19:47.585000,3,326.2123148,0 days 00:04:58.364000,9640,150,4,21,FALSE,8,pos,10612.77974,0.297022869,OnTrack,-2268,-2856,873
06:52.6,0 days 00:19:47.885000,3,323.8049074,0 days 00:04:58.664000,9656,149,4,40,FALSE,8,pos,10625.19282,0.297370277,OnTrack,-2293,-2734,874
06:52.6,0 days 00:19:47.890000,3,321.3975,0 days 00:04:58.669000,9672,149,4,60,FALSE,8,car,10625.40389,0.297376184,OnTrack,-2293,-2731,874
06:52.8,0 days 00:19:48.105000,3,318.5456481,0 days 00:04:58.884000,9800,151,4,66,FALSE,8,pos,10634.63758,0.29763461,OnTrack,-2323,-2646,883
06:53.0,0 days 00:19:48.285000,3,315.6937963,0 days 00:04:59.064000,9928,153,4,72,FALSE,8,pos,10642.51742,0.297855146,OnTrack,-2355,-2576,884
06:53.0,0 days 00:19:48.290000,3,312.8419444,0 days 00:04:59.069000,10056,156,4,79,FALSE,8,car,10642.73722,0.297861297,OnTrack,-2355,-2574,884
06:53.2,0 days 00:19:48.505000,3,309.5530556,0 days 00:04:59.284000,10428,158,4,77,FALSE,8,pos,10652.25241,0.298127602,OnTrack,-2403,-2491,885
06:53.3,0 days 00:19:48.610000,3,306.2641667,0 days 00:04:59.389000,10801,161,4,76,FALSE,8,car,10657.04833,0.298261826,OnTrack,-2428,-2450,885
06:53.4,0 days 00:19:48.705000,3,303.7046296,0 days 00:04:59.484000,10821,164,4,75,FALSE,8,pos,10661.51048,0.29838671,OnTrack,-2453,-2415,886
06:53.6,0 days 00:19:48.905000,3,301.1450926,0 days 00:04:59.684000,10842,167,4,75,FALSE,8,pos,10671.11115,0.298655407,OnTrack,-2511,-2340,885
06:53.7,0 days 00:19:48.969000,3,298.5855556,0 days 00:04:59.748000,10863,171,4,75,FALSE,8,car,10674.10083,0.29873908,OnTrack,-2535,-2310,884
06:53.8,0 days 00:19:49.145000,3,295.7522222,0 days 00:04:59.924000,10303,164,4,37,FALSE,8,pos,10682.04111,0.298961306,OnTrack,-2607,-2224,885
06:54.1,0 days 00:19:49.369000,3,292.9188889,0 days 00:05:00.148000,9743,158,4,0,TRUE,8,car,10691.65639,0.299230412,OnTrack,-2656,-2162,885
06:54.2,0 days 00:19:49.525000,3,292.23,0 days 00:05:00.304000,9265,153,4,0,TRUE,8,pos,10698.07535,0.299410061,OnTrack,-2682,-2123,886
06:54.2,0 days 00:19:49.529000,3,291.5411111,0 days 00:05:00.308000,8788,148,4,0,TRUE,8,car,10698.23417,0.299414506,OnTrack,-2682,-2121,886
06:54.3,0 days 00:19:49.665000,3,291.3633333,0 days 00:05:00.444000,8788,143,4,0,TRUE,8,pos,10703.46,0.299560763,OnTrack,-2709,-2076,887
06:54.4,0 days 00:19:49.689000,3,291.1855556,0 days 00:05:00.468000,8788,138,4,0,FALSE,8,car,10704.3675,0.299586161,OnTrack,-2712,-2067,887
06:55.3,0 days 00:19:50.570000,3,287.0252778,0 days 00:05:01.349000,8815,134,4,60,FALSE,8,car,10737.16028,0.300503942,OnTrack,-2698,-1718,893
06:55.3,0 days 00:19:50.666000,3,286.4475,0 days 00:05:01.445000,8916,134,4,60,FALSE,8,pos,10740.73416,0.300603965,OnTrack,-2688,-1691,893
06:55.4,0 days 00:19:50.730000,3,285.8697222,0 days 00:05:01.509000,9017,135,4,60,FALSE,8,car,10743.16028,0.300671866,OnTrack,-2680,-1674,892
06:55.6,0 days 00:19:50.966000,3,283.9641667,0 days 00:05:01.745000,9182,140,4,69,FALSE,8,pos,10752.5998,0.300936052,OnTrack,-2647,-1613,887
06:55.7,0 days 00:19:51.010000,3,282.0586111,0 days 00:05:01.789000,9347,145,4,79,FALSE,8,car,10754.43806,0.3009875,OnTrack,-2637,-1598,885
06:55.9,0 days 00:19:51.266000,3,279.1030556,0 days 00:05:02.045000,9979,151,4,89,FALSE,8,pos,10765.5734,0.301299148,OnTrack,-2570,-1495,876
06:56.0,0 days 00:19:51.290000,3,276.1475,0 days 00:05:02.069000,10612,157,4,100,FALSE,8,car,10766.64917,0.301329256,OnTrack,-2563,-1485,875
06:56.2,0 days 00:19:51.486000,3,272.3363889,0 days 00:05:02.265000,10725,162,4,100,FALSE,8,pos,10775.62991,0.301580603,OnTrack,-2507,-1416,869
06:56.3,0 days 00:19:51.570000,3,268.5252778,0 days 00:05:02.349000,10839,167,4,100,FALSE,8,car,10779.63806,0.30169278,OnTrack,-2483,-1388,866
06:56.3,0 days 00:19:51.666000,3,265.3863889,0 days 00:05:02.445000,10839,173,4,100,FALSE,8,pos,10784.36006,0.301824936,OnTrack,-2450,-1350,863
06:56.5,0 days 00:19:51.770000,3,262.2475,0 days 00:05:02.549000,10839,180,4,100,FALSE,8,car,10789.63806,0.301972653,OnTrack,-2395,-1289,856
06:56.6,0 days 00:19:51.886000,3,256.2919444,0 days 00:05:02.665000,10566,186,4,100,FALSE,8,pos,10795.71441,0.302142713,OnTrack,-2333,-1222,850
06:56.8,0 days 00:19:52.090000,3,250.3363889,0 days 00:05:02.869000,10293,192,5,100,FALSE,8,car,10806.70472,0.302450302,OnTrack,-2279,-1162,845
06:56.9,0 days 00:19:52.245000,3,246.4475,0 days 00:05:03.024000,10480,194,5,100,FALSE,8,pos,10815.10809,0.30268549,OnTrack,-2248,-1124,842
06:57.0,0 days 00:19:52.290000,3,242.5586111,0 days 00:05:03.069000,10668,196,5,100,FALSE,8,car,10817.59361,0.302755053,OnTrack,-2235,-1107,840
06:57.2,0 days 00:19:52.490000,3,234.1697222,0 days 00:05:03.269000,10813,205,5,100,FALSE,8,car,10828.9825,0.303073797,OnTrack,-2165,-1015,830
06:57.2,0 days 00:19:52.545000,3,228.6697222,0 days 00:05:03.324000,11072,208,5,100,FALSE,8,pos,10832.19782,0.303163785,OnTrack,-2147,-989,828
06:57.3,0 days 00:19:52.585000,3,223.1697222,0 days 00:05:03.364000,11331,212,5,100,FALSE,8,pos,10834.55753,0.303229826,OnTrack,-2134,-970,826
06:57.5,0 days 00:19:52.850000,3,217.6697222,0 days 00:05:03.629000,11590,216,5,100,FALSE,8,car,10850.5825,0.303678322,OnTrack,-2054,-852,814
06:57.6,0 days 00:19:52.945000,3,213.8697222,0 days 00:05:03.724000,11734,218,5,100,FALSE,8,pos,10856.45534,0.303842687,OnTrack,-2023,-806,810
06:57.7,0 days 00:19:53.010000,3,210.0697222,0 days 00:05:03.789000,11878,221,5,100,FALSE,8,car,10860.40472,0.303953219,OnTrack,-1998,-771,806
06:57.9,0 days 00:19:53.205000,3,202.4697222,0 days 00:05:03.984000,11425,209,5,50,FALSE,8,pos,10871.53641,0.304264765,OnTrack,-1922,-663,797
06:58.1,0 days 00:19:53.370000,3,194.8697222,0 days 00:05:04.149000,10972,198,5,0,TRUE,8,car,10880.20472,0.304507367,OnTrack,-1866,-590,790
06:58.2,0 days 00:19:53.525000,3,190.7697222,0 days 00:05:04.304000,10299,185,5,0,TRUE,8,pos,10887.78144,0.304719419,OnTrack,-1822,-535,785
06:58.3,0 days 00:19:53.610000,3,186.6697222,0 days 00:05:04.389000,9626,172,5,0,TRUE,8,car,10891.67139,0.304828288,OnTrack,-1800,-507,782
06:58.4,0 days 00:19:53.725000,3,183.4363889,0 days 00:05:04.504000,9950,160,5,0,TRUE,8,pos,10896.61165,0.304966553,OnTrack,-1767,-466,779
06:58.5,0 days 00:19:53.850000,3,180.2030556,0 days 00:05:04.629000,10275,149,4,0,TRUE,8,car,10901.60472,0.305106295,OnTrack,-1714,-404,773
06:58.6,0 days 00:19:53.945000,3,177.4808333,0 days 00:05:04.724000,9994,139,4,0,TRUE,8,pos,10905.17018,0.305206083,OnTrack,-1677,-362,770
06:58.8,0 days 00:19:54.130000,3,174.7586111,0 days 00:05:04.909000,9713,129,3,0,TRUE,8,car,10911.63806,0.305387101,OnTrack,-1637,-317,765
06:59.0,0 days 00:19:54.290000,3,172.2697222,0 days 00:05:05.069000,9646,118,3,0,TRUE,8,car,10916.8825,0.305533879,OnTrack,-1623,-303,764
06:59.1,0 days 00:19:54.385000,3,171.3363889,0 days 00:05:05.164000,9291,114,3,0,TRUE,8,pos,10919.85466,0.305617061,OnTrack,-1610,-290,763
06:59.1,0 days 00:19:54.450000,3,170.4030556,0 days 00:05:05.229000,8937,111,2,0,TRUE,8,car,10921.81583,0.305671949,OnTrack,-1597,-277,761
06:59.3,0 days 00:19:54.605000,3,169.9363889,0 days 00:05:05.384000,8761,107,2,0,TRUE,8,pos,10926.22616,0.305795383,OnTrack,-1564,-247,757
06:59.3,0 days 00:19:54.625000,3,169.4697222,0 days 00:05:05.404000,8585,103,2,0,TRUE,8,pos,10926.77211,0.305810662,OnTrack,-1560,-244,756
06:59.4,0 days 00:19:54.730000,3,169.0030556,0 days 00:05:05.509000,8410,100,2,0,TRUE,8,car,10929.59361,0.305889628,OnTrack,-1537,-228,753
06:59.5,0 days 00:19:54.865000,3,168.9586111,0 days 00:05:05.644000,8266,97,2,0,TRUE,8,pos,10933.12168,0.305988369,OnTrack,-1509,-211,753
06:59.6,0 days 00:19:54.890000,3,168.9141667,0 days 00:05:05.669000,8123,94,2,0,TRUE,8,car,10933.77139,0.306006553,OnTrack,-1503,-208,752
06:59.7,0 days 00:19:55.050000,3,169.1363889,0 days 00:05:05.829000,7772,93,2,0,TRUE,8,car,10937.90472,0.306122234,OnTrack,-1473,-196,751
06:59.8,0 days 00:19:55.165000,3,169.5808333,0 days 00:05:05.944000,7567,90,2,0,TRUE,8,pos,10940.75726,0.306202068,OnTrack,-1442,-197,749
06:59.9,0 days 00:19:55.250000,3,170.0252778,0 days 00:05:06.029000,7362,88,2,0,TRUE,8,car,10942.79361,0.30625906,OnTrack,-1410,-203,745
07:00.1,0 days 00:19:55.385000,3,170.6452778,0 days 00:05:06.164000,7186,85,2,0,TRUE,8,pos,10945.90579,0.306346162,OnTrack,-1361,-218,740
07:00.2,0 days 00:19:55.529000,3,171.2652778,0 days 00:05:06.308000,7010,82,2,0,FALSE,8,car,10949.14861,0.30643692,OnTrack,-1336,-227,736
07:00.4,0 days 00:19:55.725000,3,171.6319444,0 days 00:05:06.504000,6871,81,2,0,FALSE,8,pos,10953.57311,0.306560749,OnTrack,-1322,-242,735
07:00.5,0 days 00:19:55.769000,3,171.9986111,0 days 00:05:06.548000,6732,81,2,0,FALSE,8,car,10954.54861,0.306588051,OnTrack,-1315,-247,734
07:00.6,0 days 00:19:55.925000,3,172.3041667,0 days 00:05:06.704000,6837,79,2,3,FALSE,8,pos,10957.93409,0.306682801,OnTrack,-1290,-271,731
07:00.7,0 days 00:19:55.969000,3,172.6097222,0 days 00:05:06.748000,6942,78,2,7,FALSE,8,car,10958.88194,0.306709329,OnTrack,-1283,-278,730
07:00.8,0 days 00:19:56.085000,3,172.9208333,0 days 00:05:06.864000,7075,78,2,18,FALSE,8,pos,10961.3819,0.306779296,OnTrack,-1268,-299,728
07:00.9,0 days 00:19:56.249000,3,173.2319444,0 days 00:05:07.028000,7208,78,2,30,FALSE,8,car,10964.94861,0.306879119,OnTrack,-1247,-338,725
07:01.1,0 days 00:19:56.449000,3,173.3986111,0 days 00:05:07.228000,7667,81,2,44,FALSE,8,car,10969.44861,0.307005061,OnTrack,-1228,-390,722
07:01.1,0 days 00:19:56.465000,3,173.1980556,0 days 00:05:07.244000,7968,84,2,47,FALSE,8,pos,10969.82388,0.307015564,OnTrack,-1227,-394,722
07:01.4,0 days 00:19:56.765000,3,172.9975,0 days 00:05:07.544000,8270,87,2,50,FALSE,8,pos,10977.30451,0.307224927,OnTrack,-1213,-447,718
07:01.5,0 days 00:19:56.810000,3,172.7969444,0 days 00:05:07.589000,8572,90,2,53,FALSE,8,car,10978.47361,0.307257647,OnTrack,-1210,-457,717
07:01.6,0 days 00:19:56.945000,3,172.5969444,0 days 00:05:07.724000,8735,93,2,58,FALSE,8,pos,10982.05249,0.30735781,OnTrack,-1202,-493,714
07:01.7,0 days 00:19:56.970000,3,172.3969444,0 days 00:05:07.749000,8899,96,2,63,FALSE,8,car,10982.74028,0.307377059,OnTrack,-1200,-499,713
07:01.9,0 days 00:19:57.210000,3,171.4636111,0 days 00:05:07.989000,9739,106,2,77,FALSE,8,car,10989.80694,0.307574836,OnTrack,-1182,-566,708
07:01.9,0 days 00:19:57.226000,3,170.7636111,0 days 00:05:08.005000,10331,111,2,80,FALSE,8,pos,10990.3015,0.307588677,OnTrack,-1181,-571,708
07:02.1,0 days 00:19:57.450000,3,170.0636111,0 days 00:05:08.229000,10923,116,2,83,FALSE,8,car,10997.54028,0.307791271,OnTrack,-1159,-638,701
07:02.1,0 days 00:19:57.466000,3,169.6562037,0 days 00:05:08.245000,10725,120,2,88,FALSE,8,pos,10998.08608,0.307806546,OnTrack,-1158,-644,701
07:02.3,0 days 00:19:57.626000,3,169.2487963,0 days 00:05:08.405000,10527,124,2,94,FALSE,8,pos,11003.79881,0.30796643,OnTrack,-1139,-698,696
07:02.3,0 days 00:19:57.650000,3,168.8413889,0 days 00:05:08.429000,10329,129,3,100,FALSE,8,car,11004.70694,0.307991846,OnTrack,-1135,-706,695
07:02.4,0 days 00:19:57.746000,3,168.1747222,0 days 00:05:08.525000,10656,137,3,100,FALSE,8,pos,11008.48581,0.308097607,OnTrack,-1123,-740,693
07:02.6,0 days 00:19:57.890000,3,167.5080556,0 days 00:05:08.669000,10984,146,3,100,FALSE,8,car,11014.44028,0.308264256,OnTrack,-1098,-798,688
07:02.8,0 days 00:19:58.126000,3,166.8413889,0 days 00:05:08.905000,10845,147,3,50,FALSE,8,pos,11024.15325,0.308536096,OnTrack,-1053,-895,682
07:02.8,0 days 00:19:58.130000,3,166.1747222,0 days 00:05:08.909000,10706,148,3,0,TRUE,8,car,11024.30694,0.308540397,OnTrack,-1052,-896,681
07:03.1,0 days 00:19:58.410000,3,165.6302778,0 days 00:05:09.189000,9166,124,3,0,TRUE,8,car,11033.95139,0.308810319,OnTrack,-1008,-970,675
07:03.2,0 days 00:19:58.506000,3,165.4747222,0 days 00:05:09.285000,8991,115,3,0,TRUE,8,pos,11036.9159,0.308893288,OnTrack,-997,-988,674
07:03.4,0 days 00:19:58.690000,3,165.3191667,0 days 00:05:09.469000,8816,106,3,0,TRUE,8,car,11042.19583,0.309041059,OnTrack,-978,-1014,671
07:03.5,0 days 00:19:58.845000,3,165.3747222,0 days 00:05:09.624000,8449,100,3,0,TRUE,8,pos,11046.26697,0.309154999,OnTrack,-961,-1036,670
07:03.6,0 days 00:19:58.890000,3,165.4302778,0 days 00:05:09.669000,8082,94,2,0,TRUE,8,car,11047.41806,0.309187214,OnTrack,-954,-1043,669
07:03.8,0 days 00:19:59.085000,3,165.5413889,0 days 00:05:09.864000,8529,91,2,0,TRUE,8,pos,11052.24748,0.309322377,OnTrack,-921,-1079,666
07:03.8,0 days 00:19:59.090000,3,165.6525,0 days 00:05:09.869000,8977,89,2,0,TRUE,8,car,11052.3625,0.309325596,OnTrack,-919,-1079,665
07:04.0,0 days 00:19:59.330000,3,166.5858333,0 days 00:05:10.109000,7871,75,1,0,TRUE,8,car,11057.3625,0.309465532,OnTrack,-865,-1116,662
07:04.0,0 days 00:19:59.345000,3,166.9636111,0 days 00:05:10.124000,7536,72,1,0,TRUE,8,pos,11057.66119,0.309473892,OnTrack,-863,-1118,662
07:04.2,0 days 00:19:59.490000,3,167.3413889,0 days 00:05:10.269000,7201,70,1,0,TRUE,8,car,11060.47361,0.309552604,OnTrack,-843,-1126,660
07:04.3,0 days 00:19:59.625000,3,168.5636111,0 days 00:05:10.404000,7006,65,1,0,TRUE,8,pos,11062.80055,0.309617728,OnTrack,-828,-1129,659
07:04.5,0 days 00:19:59.825000,3,169.7858333,0 days 00:05:10.604000,6811,61,1,0,TRUE,8,pos,11065.8338,0.309702621,OnTrack,-795,-1132,658
07:04.6,0 days 00:19:59.890000,3,171.0080556,0 days 00:05:10.669000,6617,57,1,0,TRUE,8,car,11066.80694,0.309729857,OnTrack,-785,-1130,657
07:04.7,0 days 00:20:00.005000,3,172.6025,0 days 00:05:10.784000,6077,55,1,0,TRUE,8,pos,11068.52732,0.309778005,OnTrack,-770,-1125,657
07:04.9,0 days 00:20:00.170000,3,174.1969444,0 days 00:05:10.949000,5537,53,1,0,FALSE,8,car,11070.92917,0.309845226,OnTrack,-752,-1113,656
07:05.1,0 days 00:20:00.385000,3,177.6969444,0 days 00:05:11.164000,5245,50,1,0,FALSE,8,pos,11073.7923,0.309925358,OnTrack,-737,-1088,656
07:05.3,0 days 00:20:00.570000,3,181.1969444,0 days 00:05:11.349000,4953,47,1,0,FALSE,8,car,11076.15139,0.309991382,OnTrack,-731,-1053,653
07:05.3,0 days 00:20:00.585000,3,183.1136111,0 days 00:05:11.364000,4906,46,1,0,FALSE,8,pos,11076.34336,0.309996755,OnTrack,-731,-1051,653
07:05.5,0 days 00:20:00.770000,3,185.0302778,0 days 00:05:11.549000,4859,46,1,0,FALSE,8,car,11078.70694,0.310062905,OnTrack,-733,-1022,649
07:05.6,0 days 00:20:00.885000,3,186.8302778,0 days 00:05:11.664000,4890,45,1,1,FALSE,8,pos,11080.14706,0.31010321,OnTrack,-737,-1006,648
07:05.6,0 days 00:20:00.930000,3,188.6302778,0 days 00:05:11.709000,4922,45,1,2,FALSE,8,car,11080.70694,0.31011888,OnTrack,-738,-999,647
07:05.8,0 days 00:20:01.090000,3,192.7191667,0 days 00:05:11.869000,5640,45,1,7,FALSE,8,car,11082.70694,0.310174854,OnTrack,-745,-977,645
07:06.1,0 days 00:20:01.370000,3,200.9636111,0 days 00:05:12.149000,5959,48,1,14,FALSE,8,car,11086.44028,0.31027934,OnTrack,-756,-946,643
07:06.1,0 days 00:20:01.385000,3,203.3858333,0 days 00:05:12.164000,6084,49,1,14,FALSE,8,pos,11086.64586,0.310285094,OnTrack,-757,-945,643
07:06.2,0 days 00:20:01.530000,3,205.8080556,0 days 00:05:12.309000,6209,50,1,15,FALSE,8,car,11088.6625,0.310341534,OnTrack,-761,-935,641
07:06.3,0 days 00:20:01.645000,3,209.6413889,0 days 00:05:12.424000,6614,51,1,21,FALSE,8,pos,11090.32281,0.310388002,OnTrack,-766,-927,641
07:06.5,0 days 00:20:01.770000,3,213.4747222,0 days 00:05:12.549000,7020,53,1,28,FALSE,8,car,11092.19583,0.310440423,OnTrack,-774,-911,639
07:06.6,0 days 00:20:01.885000,3,218.2580556,0 days 00:05:12.664000,7292,55,1,34,FALSE,8,pos,11093.98491,0.310490494,OnTrack,-785,-896,638
07:06.7,0 days 00:20:02.050000,3,223.0413889,0 days 00:05:12.829000,7564,58,1,40,FALSE,8,car,11096.70694,0.310566676,OnTrack,-801,-874,634
07:06.8,0 days 00:20:02.145000,3,227.9238889,0 days 00:05:12.924000,8195,62,1,43,FALSE,8,pos,11098.3888,0.310613747,OnTrack,-812,-862,633
07:07.0,0 days 00:20:02.329000,3,232.8063889,0 days 00:05:13.108000,8827,67,1,47,FALSE,8,car,11101.89944,0.310712,OnTrack,-834,-836,629
07:07.1,0 days 00:20:02.385000,3,236.5100926,0 days 00:05:13.164000,9214,70,1,51,FALSE,8,pos,11103.03945,0.310743906,OnTrack,-841,-829,629
07:07.3,0 days 00:20:02.625000,3,240.2137963,0 days 00:05:13.404000,9602,74,1,56,FALSE,8,pos,11108.28148,0.310890616,OnTrack,-876,-792,625
07:07.3,0 days 00:20:02.649000,3,243.9175,0 days 00:05:13.428000,9990,78,1,61,FALSE,8,car,11108.83278,0.310906046,OnTrack,-881,-786,624
07:07.5,0 days 00:20:02.785000,3,247.2786111,0 days 00:05:13.564000,10067,82,1,62,FALSE,8,pos,11112.05245,0.310996155,OnTrack,-918,-748,619
07:07.5,0 days 00:20:02.849000,3,250.6397222,0 days 00:05:13.628000,10145,87,1,63,FALSE,8,car,11113.66611,0.311041317,OnTrack,-930,-735,617
07:07.8,0 days 00:20:03.105000,3,255.8841667,0 days 00:05:13.884000,9285,94,1,31,FALSE,8,pos,11120.81806,0.311241481,OnTrack,-959,-704,614
07:07.9,0 days 00:20:03.169000,3,261.1286111,0 days 00:05:13.948000,8426,101,2,0,TRUE,8,car,11122.64389,0.311292581,OnTrack,-968,-691,612
07:08.0,0 days 00:20:03.325000,3,264.5902778,0 days 00:05:14.104000,8261,100,2,0,TRUE,8,pos,11127.01626,0.311414952,OnTrack,-995,-655,610
07:08.1,0 days 00:20:03.370000,3,268.0519444,0 days 00:05:14.149000,8096,100,2,0,TRUE,8,car,11128.22722,0.311448843,OnTrack,-1001,-645,609
07:08.3,0 days 00:20:03.605000,3,273.4575,0 days 00:05:14.384000,7946,95,2,0,TRUE,8,pos,11134.12893,0.311614016,OnTrack,-1022,-592,607
07:08.3,0 days 00:20:03.650000,3,278.8630556,0 days 00:05:14.429000,7796,90,2,0,TRUE,8,car,11135.22722,0.311644754,OnTrack,-1023,-576,606
07:08.5,0 days 00:20:03.846000,3,282.8630556,0 days 00:05:14.625000,7621,88,2,0,TRUE,8,pos,11139.96571,0.311777372,OnTrack,-1025,-504,603
07:08.5,0 days 00:20:03.850000,3,286.8630556,0 days 00:05:14.629000,7447,87,2,0,TRUE,8,car,11140.06056,0.311780026,OnTrack,-1024,-502,602
07:08.7,0 days 00:20:04.010000,3,293.7075,0 days 00:05:14.789000,7307,84,2,0,FALSE,8,car,11143.79389,0.311884512,OnTrack,-1021,-475,601
07:08.9,0 days 00:20:04.206000,3,298.9741667,0 days 00:05:14.985000,7285,83,2,0,FALSE,8,pos,11148.31952,0.312011172,OnTrack,-1010,-457,599
07:08.9,0 days 00:20:04.250000,3,304.2408333,0 days 00:05:15.029000,7264,83,2,0,FALSE,8,car,11149.32722,0.312039375,OnTrack,-1005,-450,597
07:09.1,0 days 00:20:04.466000,3,310.6575,0 days 00:05:15.245000,7206,82,2,6,FALSE,8,pos,11154.23507,0.312176732,OnTrack,-977,-408,591
07:09.2,0 days 00:20:04.530000,3,317.0741667,0 days 00:05:15.309000,7149,82,2,12,FALSE,8,car,11155.705,0.312217872,OnTrack,-966,-396,590
07:09.3,0 days 00:20:04.606000,3,322.6741667,0 days 00:05:15.385000,7381,83,2,21,FALSE,8,pos,11157.46936,0.312267251,OnTrack,-954,-384,590
07:09.5,0 days 00:20:04.770000,3,328.2741667,0 days 00:05:15.549000,7613,84,2,31,FALSE,8,car,11161.305,0.3123746,OnTrack,-924,-360,587
07:09.5,0 days 00:20:04.846000,3,332.0519444,0 days 00:05:15.625000,7445,84,2,34,FALSE,8,pos,11163.065,0.312423858,OnTrack,-910,-350,586
07:09.6,0 days 00:20:04.930000,3,335.8297222,0 days 00:05:15.709000,7278,84,2,37,FALSE,8,car,11165.03833,0.312479086,OnTrack,-894,-339,583
07:09.7,0 days 00:20:05.046000,3,341.3963889,0 days 00:05:15.825000,7763,87,2,42,FALSE,8,pos,11167.89308,0.312558983,OnTrack,-868,-324,580
07:09.9,0 days 00:20:05.170000,3,346.9630556,0 days 00:05:15.949000,8248,90,2,48,FALSE,8,car,11171.03833,0.31264701,OnTrack,-826,-301,575
07:10.0,0 days 00:20:05.286000,3,351.6019444,0 days 00:05:16.065000,8476,91,2,52,FALSE,8,pos,11173.99712,0.312729818,OnTrack,-787,-282,571
07:10.1,0 days 00:20:05.370000,3,356.2408333,0 days 00:05:16.149000,8705,93,2,56,FALSE,8,car,11176.205,0.312791611,OnTrack,-765,-271,569
07:10.3,0 days 00:20:05.610000,3,366.8408333,0 days 00:05:16.389000,9545,103,2,70,FALSE,8,car,11183.07167,0.31298379,OnTrack,-725,-254,566
07:10.3,0 days 00:20:05.665000,3,371.1075,0 days 00:05:16.444000,9982,108,2,74,FALSE,8,pos,11184.80217,0.313032222,OnTrack,-713,-249,566
07:10.5,0 days 00:20:05.825000,3,375.3741667,0 days 00:05:16.604000,10420,113,2,79,FALSE,8,pos,11190.15248,0.313181963,OnTrack,-666,-230,563
07:10.6,0 days 00:20:05.930000,3,379.6408333,0 days 00:05:16.709000,10858,119,2,84,FALSE,8,car,11193.64944,0.313279834,OnTrack,-623,-215,560
07:10.8,0 days 00:20:06.125000,3,388.3075,0 days 00:05:16.904000,10084,115,2,42,FALSE,8,pos,11199.88772,0.313454426,OnTrack,-537,-188,556
07:11.0,0 days 00:20:06.330000,3,396.9741667,0 days 00:05:17.109000,9311,112,2,0,TRUE,8,car,11206.09389,0.31362812,OnTrack,-470,-172,553
07:11.2,0 days 00:20:06.525000,3,401.5852778,0 days 00:05:17.304000,9087,107,2,0,TRUE,8,pos,11211.67658,0.313784364,OnTrack,-418,-168,552
07:11.2,0 days 00:20:06.530000,3,406.1963889,0 days 00:05:17.309000,8863,103,2,0,TRUE,8,car,11211.81611,0.313788269,OnTrack,-416,-168,551
07:11.5,0 days 00:20:06.810000,3,419.8852778,0 days 00:05:17.589000,7901,97,2,0,TRUE,8,car,11219.36056,0.313999418,OnTrack,-343,-178,548
07:11.6,0 days 00:20:06.905000,3,429.2852778,0 days 00:05:17.684000,7860,93,2,0,TRUE,8,pos,11221.80251,0.314067761,OnTrack,-324,-183,547
07:11.9,0 days 00:20:07.170000,3,438.6852778,0 days 00:05:17.949000,7820,90,2,0,FALSE,8,car,11228.36056,0.314251303,OnTrack,-289,-199,545
07:11.9,0 days 00:20:07.265000,3,446.1519444,0 days 00:05:18.044000,7697,88,2,0,FALSE,8,pos,11230.65729,0.314315583,OnTrack,-275,-219,545
07:12.1,0 days 00:20:07.450000,3,453.6186111,0 days 00:05:18.229000,7574,86,2,0,FALSE,8,car,11235.04944,0.314438507,OnTrack,-237,-281,544
07:12.2,0 days 00:20:07.505000,3,462.4630556,0 days 00:05:18.284000,7405,84,2,3,FALSE,8,pos,11236.33262,0.31447442,OnTrack,-228,-298,545
07:12.5,0 days 00:20:07.770000,3,471.3075,0 days 00:05:18.549000,7236,83,2,7,FALSE,8,car,11242.42722,0.314644991,OnTrack,-211,-337,545
07:12.6,0 days 00:20:07.925000,3,476.8352778,0 days 00:05:18.704000,7469,83,2,18,FALSE,8,pos,11246.02367,0.314745646,OnTrack,-208,-361,545
07:12.7,0 days 00:20:07.970000,3,482.3630556,0 days 00:05:18.749000,7703,84,2,29,FALSE,8,car,11247.09389,0.314775598,OnTrack,-206,-370,544
07:12.9,0 days 00:20:08.245000,3,493.1408333,0 days 00:05:19.024000,8135,87,2,43,FALSE,8,pos,11253.97114,0.314968074,OnTrack,-192,-446,545
07:13.1,0 days 00:20:08.370000,3,503.9186111,0 days 00:05:19.149000,8568,91,2,57,FALSE,8,car,11257.205,0.315058581,OnTrack,-189,-471,544
07:13.1,0 days 00:20:08.465000,3,508.1186111,0 days 00:05:19.244000,8793,93,2,59,FALSE,8,pos,11259.68676,0.315128039,OnTrack,-188,-487,545
07:13.2,0 days 00:20:08.530000,3,512.3186111,0 days 00:05:19.309000,9018,95,2,61,FALSE,8,car,11261.42722,0.315176749,OnTrack,-187,-497,545
07:13.5,0 days 00:20:08.825000,3,520.2297222,0 days 00:05:19.604000,9561,100,2,70,FALSE,8,pos,11269.98635,0.315416296,OnTrack,-185,-560,545
07:13.5,0 days 00:20:08.850000,3,528.1408333,0 days 00:05:19.629000,10105,105,2,79,FALSE,8,car,11270.76056,0.315437964,OnTrack,-185,-570,544
07:13.7,0 days 00:20:09.025000,3,532.4248611,0 days 00:05:19.804000,10147,110,2,89,FALSE,8,pos,11276.38021,0.315595243,OnTrack,-186,-651,545
07:13.7,0 days 00:20:09.049000,3,536.7088889,0 days 00:05:19.828000,10189,116,2,100,FALSE,8,car,11277.17278,0.315617425,OnTrack,-186,-659,545
07:14.1,0 days 00:20:09.369000,3,543.3755556,0 days 00:05:20.148000,10932,126,3,100,FALSE,8,car,11288.37278,0.315930882,OnTrack,-192,-745,545
07:14.1,0 days 00:20:09.385000,3,543.9422222,0 days 00:05:20.164000,11192,133,3,100,FALSE,8,pos,11288.98507,0.315948019,OnTrack,-193,-753,545
07:14.3,0 days 00:20:09.625000,3,544.5088889,0 days 00:05:20.404000,11453,141,3,100,FALSE,8,pos,11298.82318,0.316223361,OnTrack,-208,-892,544
07:14.4,0 days 00:20:09.729000,3,545.0755556,0 days 00:05:20.508000,11714,149,3,100,FALSE,8,car,11303.27278,0.316347893,OnTrack,-212,-930,543
07:14.6,0 days 00:20:09.945000,3,544.1388889,0 days 00:05:20.724000,11139,154,3,100,FALSE,8,pos,11312.73085,0.316612599,OnTrack,-219,-991,543
07:14.7,0 days 00:20:10.010000,3,543.2022222,0 days 00:05:20.789000,10564,160,4,100,FALSE,8,car,11315.76167,0.316697423,OnTrack,-222,-1022,542
07:14.9,0 days 00:20:10.170000,3,540.8022222,0 days 00:05:20.949000,11317,178,4,100,FALSE,8,car,11323.67278,0.316918833,OnTrack,-233,-1123,542
07:15.0,0 days 00:20:10.285000,3,537.8466667,0 days 00:05:21.064000,11340,182,4,100,FALSE,8,pos,11329.58368,0.317084264,OnTrack,-241,-1187,543
07:15.1,0 days 00:20:10.450000,3,534.8911111,0 days 00:05:21.229000,11364,187,4,100,FALSE,8,car,11338.21722,0.317325893,OnTrack,-247,-1251,542
07:15.2,0 days 00:20:10.526000,3,532.5577778,0 days 00:05:21.305000,11084,188,4,100,FALSE,8,pos,11342.19057,0.317437096,OnTrack,-251,-1282,543
07:15.3,0 days 00:20:10.650000,3,530.2244444,0 days 00:05:21.429000,10804,190,4,100,FALSE,8,car,11348.77278,0.317621314,OnTrack,-257,-1343,543
07:15.4,0 days 00:20:10.746000,3,527.8911111,0 days 00:05:21.525000,10741,195,4,100,FALSE,8,pos,11354.08168,0.317769896,OnTrack,-264,-1401,543
07:15.5,0 days 00:20:10.810000,3,525.5577778,0 days 00:05:21.589000,10678,201,5,100,FALSE,8,car,11357.70611,0.317871334,OnTrack,-268,-1444,542
07:15.7,0 days 00:20:10.970000,3,520.3133333,0 days 00:05:21.749000,11071,209,5,100,FALSE,8,car,11366.995,0.318131305,OnTrack,-281,-1566,542
07:15.7,0 days 00:20:11.066000,3,516.7855556,0 days 00:05:21.845000,11257,211,5,100,FALSE,8,pos,11372.67807,0.318290358,OnTrack,-290,-1631,542
07:15.9,0 days 00:20:11.170000,3,513.2577778,0 days 00:05:21.949000,11443,214,5,100,FALSE,8,car,11378.88389,0.318464042,OnTrack,-298,-1688,541
07:16.1,0 days 00:20:11.450000,3,502.7577778,0 days 00:05:22.229000,11811,217,5,100,FALSE,8,car,11395.76167,0.318936406,OnTrack,-325,-1811,541
07:16.2,0 days 00:20:11.486000,3,500.5503704,0 days 00:05:22.265000,11909,219,5,100,FALSE,8,pos,11397.98695,0.318998685,OnTrack,-331,-1831,542
07:16.3,0 days 00:20:11.606000,3,498.342963,0 days 00:05:22.385000,12007,222,5,100,FALSE,8,pos,11405.50865,0.319209197,OnTrack,-351,-1904,542
07:16.3,0 days 00:20:11.610000,3,496.1355556,0 days 00:05:22.389000,12105,225,5,100,FALSE,8,car,11405.76167,0.319216278,OnTrack,-351,-1906,541
07:16.6,0 days 00:20:11.930000,3,482.2688889,0 days 00:05:22.709000,10731,232,5,100,FALSE,8,car,11426.38389,0.319793438,OnTrack,-427,-2138,541
07:16.6,0 days 00:20:11.946000,3,477.63,0 days 00:05:22.725000,10855,234,5,100,FALSE,8,pos,11427.42663,0.319822622,OnTrack,-431,-2148,541
07:16.8,0 days 00:20:12.130000,3,472.9911111,0 days 00:05:22.909000,10979,236,6,100,FALSE,8,car,11439.495,0.320160383,OnTrack,-460,-2233,540
07:17.0,0 days 00:20:12.325000,3,463.2688889,0 days 00:05:23.104000,11176,239,6,100,FALSE,8,pos,11452.54552,0.320525631,OnTrack,-505,-2348,541
07:17.2,0 days 00:20:12.530000,3,453.5466667,0 days 00:05:23.309000,11373,243,6,100,FALSE,8,car,11466.495,0.320916039,OnTrack,-588,-2550,541
07:17.2,0 days 00:20:12.545000,3,448.6022222,0 days 00:05:23.324000,11442,245,6,100,FALSE,8,pos,11467.52163,0.320944772,OnTrack,-593,-2562,541
07:17.4,0 days 00:20:12.730000,3,443.6577778,0 days 00:05:23.509000,11512,248,6,100,FALSE,8,car,11480.27278,0.321301642,OnTrack,-620,-2628,541
07:17.5,0 days 00:20:12.845000,3,434.1022222,0 days 00:05:23.624000,11640,251,6,100,FALSE,8,pos,11488.33019,0.321527147,OnTrack,-644,-2676,541
07:17.8,0 days 00:20:13.130000,3,424.5466667,0 days 00:05:23.909000,11768,255,6,100,FALSE,8,car,11508.60611,0.322094615,OnTrack,-788,-2946,540
07:17.9,0 days 00:20:13.185000,3,419.1466667,0 days 00:05:23.964000,11138,256,6,100,FALSE,8,pos,11512.52662,0.322204339,OnTrack,-818,-2995,541
07:18.1,0 days 00:20:13.370000,3,413.7466667,0 days 00:05:24.149000,10508,257,6,100,FALSE,8,car,11525.73944,0.32257413,OnTrack,-905,-3112,541
07:18.2,0 days 00:20:13.525000,3,410.1022222,0 days 00:05:24.304000,10516,258,6,100,FALSE,8,pos,11536.88935,0.322886186,OnTrack,-967,-3179,542
07:18.2,0 days 00:20:13.530000,3,406.4577778,0 days 00:05:24.309000,10525,259,7,100,FALSE,8,car,11537.25056,0.322896295,OnTrack,-968,-3180,542
07:18.5,0 days 00:20:13.770000,3,396.7244444,0 days 00:05:24.549000,10605,262,7,100,FALSE,8,car,11554.71722,0.32338514,OnTrack,-1047,-3258,541
07:18.6,0 days 00:20:13.885000,3,390.1244444,0 days 00:05:24.664000,10680,264,7,100,FALSE,8,pos,11563.18862,0.323622231,OnTrack,-1095,-3298,542
07:18.8,0 days 00:20:14.130000,3,383.5244444,0 days 00:05:24.909000,10755,267,7,100,FALSE,8,car,11581.41722,0.3241324,OnTrack,-1238,-3400,543
07:18.8,0 days 00:20:14.165000,3,378.5911111,0 days 00:05:24.944000,10808,268,7,100,FALSE,8,pos,11584.03323,0.324205615,OnTrack,-1265,-3416,543
07:19.1,0 days 00:20:14.405000,3,373.6577778,0 days 00:05:25.184000,10861,269,7,100,FALSE,8,pos,11602.04618,0.324709749,OnTrack,-1467,-3521,541
07:19.3,0 days 00:20:14.610000,3,368.7244444,0 days 00:05:25.389000,10914,271,7,100,FALSE,8,car,11617.55056,0.325143674,OnTrack,-1575,-3571,540
07:19.4,0 days 00:20:14.705000,3,363.8244444,0 days 00:05:25.484000,10990,273,7,100,FALSE,8,pos,11624.77564,0.325345884,OnTrack,-1633,-3598,540
07:19.7,0 days 00:20:14.970000,3,358.9244444,0 days 00:05:25.749000,11067,275,7,100,FALSE,8,car,11645.05056,0.325913324,OnTrack,-1868,-3714,540
07:19.7,0 days 00:20:15.065000,3,356.3688889,0 days 00:05:25.844000,11129,276,7,100,FALSE,8,pos,11652.35382,0.326117723,OnTrack,-1948,-3754,541
07:19.9,0 days 00:20:15.170000,3,353.8133333,0 days 00:05:25.949000,11192,277,7,100,FALSE,8,car,11660.43944,0.326344017,OnTrack,-2020,-3790,541
07:20.1,0 days 00:20:15.370000,3,349.0355556,0 days 00:05:26.149000,11104,278,7,100,FALSE,8,car,11675.88389,0.326776265,OnTrack,-2127,-3844,541
07:20.1,0 days 00:20:15.445000,3,345.8077778,0 days 00:05:26.224000,11201,280,7,100,FALSE,8,pos,11681.72603,0.326939771,OnTrack,-2169,-3866,541
07:20.3,0 days 00:20:15.650000,3,342.58,0 days 00:05:26.429000,11298,282,7,100,FALSE,8,car,11697.81722,0.32739012,OnTrack,-2294,-3928,540
07:20.4,0 days 00:20:15.745000,3,339.7722222,0 days 00:05:26.524000,11324,282,7,100,FALSE,8,pos,11705.29602,0.327599431,OnTrack,-2352,-3956,541
07:20.7,0 days 00:20:15.985000,3,336.9644444,0 days 00:05:26.764000,11350,283,7,100,FALSE,8,pos,11724.23503,0.328129482,OnTrack,-2497,-4022,542
07:20.7,0 days 00:20:16.049000,3,334.1566667,0 days 00:05:26.828000,11376,284,7,100,FALSE,8,car,11729.29389,0.328271066,OnTrack,-2545,-4042,542
07:20.9,0 days 00:20:16.249000,3,330.3233333,0 days 00:05:27.028000,11459,285,7,100,FALSE,8,car,11745.12722,0.328714198,OnTrack,-2718,-4113,542
07:21.0,0 days 00:20:16.285000,3,328.9011111,0 days 00:05:27.064000,11493,285,7,100,FALSE,8,pos,11747.9827,0.328794115,OnTrack,-2746,-4124,543
07:21.1,0 days 00:20:16.409000,3,327.4788889,0 days 00:05:27.188000,11527,286,7,100,FALSE,8,car,11757.83833,0.329069948,OnTrack,-2830,-4154,542
07:21.3,0 days 00:20:16.585000,3,325.2152778,0 days 00:05:27.364000,11515,286,7,95,FALSE,8,pos,11771.90403,0.329463608,OnTrack,-2941,-4191,542
07:21.4,0 days 00:20:16.690000,3,322.9516667,0 days 00:05:27.469000,11504,287,7,90,FALSE,8,car,11780.24028,0.329696917,OnTrack,-3017,-4214,540
07:21.5,0 days 00:20:16.865000,3,321.385,0 days 00:05:27.644000,11210,281,7,45,FALSE,8,pos,11793.86356,0.330078196,OnTrack,-3152,-4251,538
07:21.6,0 days 00:20:16.930000,3,319.8183333,0 days 00:05:27.709000,10916,276,7,0,TRUE,8,car,11798.64028,0.330211883,OnTrack,-3199,-4261,536
07:21.6,0 days 00:20:16.946000,3,318.6775926,0 days 00:05:27.725000,10315,263,7,0,TRUE,8,pos,11799.78311,0.330243868,OnTrack,-3211,-4264,536
07:21.9,0 days 00:20:17.186000,3,317.5368519,0 days 00:05:27.965000,9714,250,7,0,TRUE,8,pos,11815.57828,0.330685932,OnTrack,-3377,-4297,530
07:21.9,0 days 00:20:17.210000,3,316.3961111,0 days 00:05:27.989000,9114,237,7,0,TRUE,8,car,11817.07361,0.330727782,OnTrack,-3394,-4299,529
07:22.2,0 days 00:20:17.490000,3,313.4405556,0 days 00:05:28.269000,9026,214,7,0,TRUE,8,car,11833.71806,0.331193615,OnTrack,-3599,-4326,518
07:22.2,0 days 00:20:17.506000,3,312.7072222,0 days 00:05:28.285000,9087,203,7,0,TRUE,8,pos,11834.62435,0.33121898,OnTrack,-3608,-4328,518
07:22.4,0 days 00:20:17.730000,3,311.9738889,0 days 00:05:28.509000,9149,193,6,0,TRUE,8,car,11846.58472,0.331553718,OnTrack,-3687,-4336,514
07:22.6,0 days 00:20:17.890000,3,312.1072222,0 days 00:05:28.669000,9440,164,6,0,TRUE,8,car,11853.87361,0.331757714,OnTrack,-3751,-4343,511
07:22.6,0 days 00:20:17.906000,3,312.3072222,0 days 00:05:28.685000,9403,160,6,0,TRUE,8,pos,11854.58122,0.331777518,OnTrack,-3761,-4344,511
07:22.8,0 days 00:20:18.086000,3,312.5072222,0 days 00:05:28.865000,9366,157,6,0,TRUE,8,pos,11862.36766,0.33199544,OnTrack,-3877,-4356,505
07:22.8,0 days 00:20:18.130000,3,312.7072222,0 days 00:05:28.909000,9329,154,5,0,TRUE,8,car,11864.14028,0.33204505,OnTrack,-3895,-4357,504
07:23.0,0 days 00:20:18.366000,3,315.2627778,0 days 00:05:29.145000,9081,138,5,0,TRUE,8,pos,11872.52757,0.332279788,OnTrack,-3942,-4363,502
07:23.2,0 days 00:20:18.530000,3,317.8183333,0 days 00:05:29.309000,8834,122,3,0,TRUE,8,car,11877.69583,0.332424433,OnTrack,-3994,-4370,499
07:23.3,0 days 00:20:18.605000,3,320.5794444,0 days 00:05:29.384000,8770,114,3,0,TRUE,8,pos,11879.97299,0.332488165,OnTrack,-4020,-4375,499
07:23.5,0 days 00:20:18.810000,3,323.3405556,0 days 00:05:29.589000,8706,106,2,0,TRUE,8,car,11885.94028,0.332655173,OnTrack,-4076,-4387,497
07:23.5,0 days 00:20:18.865000,3,326.7238889,0 days 00:05:29.644000,8456,102,2,0,TRUE,8,pos,11887.48556,0.332698421,OnTrack,-4091,-4394,497
07:23.8,0 days 00:20:19.090000,3,330.1072222,0 days 00:05:29.869000,8207,98,2,0,TRUE,8,car,11893.5625,0.332868498,OnTrack,-4149,-4435,492
07:23.8,0 days 00:20:19.145000,3,334.8627778,0 days 00:05:29.924000,7746,94,2,0,TRUE,8,pos,11894.98622,0.332908344,OnTrack,-4160,-4445,492
07:24.1,0 days 00:20:19.410000,3,339.6183333,0 days 00:05:30.189000,7285,90,2,0,TRUE,8,car,11901.5625,0.333092397,OnTrack,-4182,-4477,492
07:24.2,0 days 00:20:19.545000,3,343.2331481,0 days 00:05:30.324000,7070,88,2,0,TRUE,8,pos,11904.80587,0.33318317,OnTrack,-4201,-4511,492
07:24.4,0 days 00:20:19.705000,3,346.847963,0 days 00:05:30.484000,6855,86,2,0,TRUE,8,pos,11908.48351,0.333286097,OnTrack,-4237,-4571,490
07:24.4,0 days 00:20:19.730000,3,350.4627778,0 days 00:05:30.509000,6641,84,2,0,TRUE,8,car,11909.02917,0.333301368,OnTrack,-4241,-4577,489
07:24.6,0 days 00:20:19.890000,3,356.5516667,0 days 00:05:30.669000,6502,75,2,0,TRUE,8,car,11912.3625,0.333394659,OnTrack,-4255,-4598,489
07:24.7,0 days 00:20:20.065000,3,363.085,0 days 00:05:30.844000,6348,73,2,0,TRUE,8,pos,11915.8727,0.3334929,OnTrack,-4266,-4604,490
07:24.9,0 days 00:20:20.210000,3,369.6183333,0 days 00:05:30.989000,6195,71,2,0,FALSE,8,car,11918.67361,0.33357129,OnTrack,-4286,-4617,490
07:25.1,0 days 00:20:20.385000,3,374.8516667,0 days 00:05:31.164000,5961,68,2,0,FALSE,8,pos,11921.90249,0.333661657,OnTrack,-4317,-4635,490
07:25.1,0 days 00:20:20.450000,3,380.085,0 days 00:05:31.229000,5727,66,2,0,FALSE,8,car,11923.07361,0.333694434,OnTrack,-4327,-4639,489
07:25.3,0 days 00:20:20.605000,3,385.5183333,0 days 00:05:31.384000,5833,65,2,4,FALSE,8,pos,11925.82534,0.333771447,OnTrack,-4356,-4646,490
07:25.4,0 days 00:20:20.690000,3,390.9516667,0 days 00:05:31.469000,5940,64,2,9,FALSE,8,car,11927.34028,0.333813846,OnTrack,-4376,-4648,490
07:25.5,0 days 00:20:20.825000,3,399.3016667,0 days 00:05:31.604000,6116,65,2,26,FALSE,8,pos,11929.78474,0.33388226,OnTrack,-4413,-4651,490
07:25.7,0 days 00:20:21.050000,3,407.6516667,0 days 00:05:31.829000,6292,66,2,43,FALSE,8,car,11933.94028,0.333998563,OnTrack,-4461,-4648,489
07:25.9,0 days 00:20:21.245000,3,412.2627778,0 days 00:05:32.024000,6680,67,2,47,FALSE,8,pos,11937.67075,0.334102968,OnTrack,-4500,-4641,490
07:25.9,0 days 00:20:21.250000,3,416.8738889,0 days 00:05:32.029000,7069,69,2,52,FALSE,8,car,11937.77361,0.334105847,OnTrack,-4501,-4640,490
07:26.1,0 days 00:20:21.450000,3,425.7072222,0 days 00:05:32.229000,7824,79,2,62,FALSE,8,car,11942.1625,0.33422868,OnTrack,-4543,-4630,490
07:26.3,0 days 00:20:21.645000,3,434.4294444,0 days 00:05:32.424000,8687,81,2,68,FALSE,8,pos,11946.39715,0.334347197,OnTrack,-4584,-4620,490
07:26.5,0 days 00:20:21.850000,3,443.1516667,0 days 00:05:32.629000,9551,83,2,75,FALSE,8,car,11951.38472,0.334486785,OnTrack,-4623,-4610,489
07:26.7,0 days 00:20:22.005000,3,446.9016667,0 days 00:05:32.784000,9721,96,2,76,FALSE,8,pos,11956.00168,0.334616001,OnTrack,-4661,-4605,490
07:26.7,0 days 00:20:22.050000,3,450.6516667,0 days 00:05:32.829000,9891,109,2,77,FALSE,8,car,11957.44028,0.334656264,OnTrack,-4674,-4603,490
07:26.8,0 days 00:20:22.165000,3,454.385,0 days 00:05:32.944000,9768,116,2,83,FALSE,8,pos,11961.27692,0.334763641,OnTrack,-4712,-4600,490
07:27.0,0 days 00:20:22.290000,3,458.1183333,0 days 00:05:33.069000,9645,124,2,89,FALSE,8,car,11965.70694,0.334887625,OnTrack,-4751,-4599,489
07:27.0,0 days 00:20:22.325000,3,460.9604167,0 days 00:05:33.104000,10261,133,2,94,FALSE,8,pos,11966.99554,0.33492369,OnTrack,-4766,-4600,489
07:27.3,0 days 00:20:22.649000,3,463.8025,0 days 00:05:33.428000,10878,142,3,100,FALSE,8,car,11979.8675,0.335283941,OnTrack,-4967,-4626,488
07:27.4,0 days 00:20:22.705000,3,464.2691667,0 days 00:05:33.484000,10410,149,3,100,FALSE,8,pos,11982.24377,0.335350446,OnTrack,-4994,-4630,489
07:27.6,0 days 00:20:22.889000,3,464.7358333,0 days 00:05:33.668000,9943,157,3,100,FALSE,8,car,11990.33417,0.335576874,OnTrack,-5042,-4637,489
07:27.7,0 days 00:20:23.005000,3,464.3341667,0 days 00:05:33.784000,10340,162,3,100,FALSE,8,pos,11995.63079,0.335725112,OnTrack,-5073,-4643,489
07:27.8,0 days 00:20:23.130000,3,463.9325,0 days 00:05:33.909000,10738,167,4,100,FALSE,8,car,12001.51389,0.335889764,OnTrack,-5126,-4651,488
07:27.9,0 days 00:20:23.265000,3,463.2213889,0 days 00:05:34.044000,10785,171,4,100,FALSE,8,pos,12008.08866,0.336073774,OnTrack,-5195,-4661,489
07:28.0,0 days 00:20:23.290000,3,462.5102778,0 days 00:05:34.069000,10833,176,4,100,FALSE,8,car,12009.33611,0.336108687,OnTrack,-5207,-4662,489
07:28.1,0 days 00:20:23.465000,3,460.1991667,0 days 00:05:34.244000,10879,182,4,100,FALSE,8,pos,12018.34847,0.336360918,OnTrack,-5294,-4674,490
07:28.3,0 days 00:20:23.610000,3,457.8880556,0 days 00:05:34.389000,10926,188,4,100,FALSE,8,car,12026.04722,0.336576386,OnTrack,-5368,-4683,490
07:28.4,0 days 00:20:23.746000,3,455.7880556,0 days 00:05:34.525000,10802,191,4,100,FALSE,8,pos,12033.36099,0.336781078,OnTrack,-5439,-4693,490
07:28.5,0 days 00:20:23.850000,3,453.6880556,0 days 00:05:34.629000,10678,195,5,100,FALSE,8,car,12039.04722,0.33694022,OnTrack,-5493,-4699,490
07:28.6,0 days 00:20:23.886000,3,451.7158333,0 days 00:05:34.665000,10820,198,5,100,FALSE,8,pos,12041.03965,0.336995983,OnTrack,-5515,-4702,490
07:28.7,0 days 00:20:24.050000,3,449.7436111,0 days 00:05:34.829000,10963,202,5,100,FALSE,8,car,12050.26944,0.3372543,OnTrack,-5644,-4717,489
07:28.8,0 days 00:20:24.166000,3,447.6602778,0 days 00:05:34.945000,11114,205,5,100,FALSE,8,pos,12056.94139,0.337441029,OnTrack,-5731,-4728,489
07:28.9,0 days 00:20:24.250000,3,445.5769444,0 days 00:05:35.029000,11266,208,5,100,FALSE,8,car,12061.825,0.337577708,OnTrack,-5776,-4733,488
07:29.1,0 days 00:20:24.410000,3,441.9325,0 days 00:05:35.189000,11528,212,5,100,FALSE,8,car,12071.24722,0.337841411,OnTrack,-5825,-4738,488
07:29.3,0 days 00:20:24.586000,3,437.0325,0 days 00:05:35.365000,11501,218,5,100,FALSE,8,pos,12082.03967,0.338143462,OnTrack,-5920,-4748,489
07:29.5,0 days 00:20:24.770000,3,432.1325,0 days 00:05:35.549000,11475,225,5,100,FALSE,8,car,12093.74722,0.338471125,OnTrack,-6098,-4765,489
07:29.5,0 days 00:20:24.806000,3,428.2621296,0 days 00:05:35.585000,11051,227,5,66,FALSE,8,pos,12096.07603,0.338536302,OnTrack,-6132,-4769,490
07:29.9,0 days 00:20:25.185000,3,424.3917593,0 days 00:05:35.964000,10627,229,5,33,FALSE,8,pos,12120.49763,0.339219796,OnTrack,-6373,-4786,489
07:29.9,0 days 00:20:25.210000,3,420.5213889,0 days 00:05:35.989000,10203,231,6,0,TRUE,8,car,12121.98056,0.339261299,OnTrack,-6384,-4786,488
07:30.2,0 days 00:20:25.530000,3,416.6102778,0 days 00:05:36.309000,9697,195,6,0,TRUE,8,car,12139.31389,0.339746412,OnTrack,-6502,-4793,489
07:30.3,0 days 00:20:25.585000,3,416.0547222,0 days 00:05:36.364000,9501,188,6,0,TRUE,8,pos,12142.11882,0.339824914,OnTrack,-6526,-4796,490
07:30.4,0 days 00:20:25.730000,3,415.4991667,0 days 00:05:36.509000,9305,181,6,0,TRUE,8,car,12149.36944,0.34002784,OnTrack,-6595,-4804,490
07:30.5,0 days 00:20:25.785000,3,415.3325,0 days 00:05:36.564000,9228,178,6,0,TRUE,8,pos,12152.08339,0.340103795,OnTrack,-6622,-4810,491
07:30.6,0 days 00:20:25.930000,3,415.1658333,0 days 00:05:36.709000,9152,176,5,0,FALSE,8,car,12159.14722,0.340301493,OnTrack,-6684,-4828,491
07:30.6,0 days 00:20:25.945000,3,415.6325,0 days 00:05:36.724000,9066,173,5,17,FALSE,8,pos,12159.87027,0.340321729,OnTrack,-6691,-4831,491
07:30.9,0 days 00:20:26.210000,3,416.0991667,0 days 00:05:36.989000,8981,171,5,34,FALSE,8,car,12172.44722,0.340673724,OnTrack,-6795,-4891,490
07:30.9,0 days 00:20:26.225000,3,416.5436111,0 days 00:05:37.004000,9035,170,5,41,FALSE,8,pos,12173.15272,0.340693469,OnTrack,-6801,-4896,490
07:31.1,0 days 00:20:26.370000,3,416.9880556,0 days 00:05:37.149000,9089,169,5,48,FALSE,8,car,12179.95833,0.340883939,OnTrack,-6852,-4941,488
07:31.1,0 days 00:20:26.385000,3,417.5436111,0 days 00:05:37.164000,9183,169,5,58,FALSE,8,pos,12180.6631,0.340903664,OnTrack,-6858,-4947,488
07:31.2,0 days 00:20:26.545000,3,418.0991667,0 days 00:05:37.324000,9277,169,5,69,FALSE,8,pos,12188.20277,0.341114679,OnTrack,-6910,-5005,487
07:31.3,0 days 00:20:26.610000,3,418.6547222,0 days 00:05:37.389000,9372,170,5,80,FALSE,8,car,12191.29167,0.341201129,OnTrack,-6929,-5029,486
07:31.4,0 days 00:20:26.725000,3,419.7047222,0 days 00:05:37.504000,9377,172,5,90,FALSE,8,pos,12196.80389,0.341355401,OnTrack,-6962,-5074,486
07:31.6,0 days 00:20:26.890000,3,420.7547222,0 days 00:05:37.669000,9383,174,5,100,FALSE,8,car,12204.825,0.34157989,OnTrack,-7006,-5141,485
07:31.7,0 days 00:20:27.065000,3,420.7843519,0 days 00:05:37.844000,9644,176,5,100,FALSE,8,pos,12213.48885,0.341822367,OnTrack,-7050,-5217,484
07:31.8,0 days 00:20:27.145000,3,420.8139815,0 days 00:05:37.924000,9906,178,5,100,FALSE,8,pos,12217.51538,0.341935059,OnTrack,-7068,-5253,483
07:31.9,0 days 00:20:27.210000,3,420.8436111,0 days 00:05:37.989000,10168,180,5,100,FALSE,8,car,12220.825,0.342027686,OnTrack,-7081,-5282,482
07:32.1,0 days 00:20:27.370000,3,419.9102778,0 days 00:05:38.149000,10316,187,5,100,FALSE,8,car,12229.13611,0.342260292,OnTrack,-7112,-5358,482
07:32.1,0 days 00:20:27.385000,3,418.1769444,0 days 00:05:38.164000,10503,191,5,100,FALSE,8,pos,12229.93187,0.342282563,OnTrack,-7115,-5367,483
07:32.4,0 days 00:20:27.725000,3,416.4436111,0 days 00:05:38.504000,10690,195,5,100,FALSE,8,pos,12248.75004,0.342809232,OnTrack,-7178,-5601,482
07:32.4,0 days 00:20:27.730000,3,414.7102778,0 days 00:05:38.509000,10878,199,5,100,FALSE,8,car,12249.03611,0.342817239,OnTrack,-7178,-5604,481
07:32.7,0 days 00:20:28.065000,3,409.5602778,0 days 00:05:38.844000,10997,205,5,100,FALSE,8,pos,12268.657,0.343366374,OnTrack,-7207,-5796,482
07:32.8,0 days 00:20:28.090000,3,404.4102778,0 days 00:05:38.869000,11117,211,5,100,FALSE,8,car,12270.13611,0.34340777,OnTrack,-7208,-5810,482
07:32.9,0 days 00:20:28.250000,3,399.4769444,0 days 00:05:39.029000,11417,214,5,100,FALSE,8,car,12279.64722,0.343673961,OnTrack,-7215,-5905,482
07:33.2,0 days 00:20:28.545000,3,390.6158333,0 days 00:05:39.324000,10753,218,5,100,FALSE,8,pos,12297.8192,0.344182545,OnTrack,-7220,-6074,482
07:33.4,0 days 00:20:28.690000,3,381.7547222,0 days 00:05:39.469000,10089,223,6,100,FALSE,8,car,12306.90278,0.34443677,OnTrack,-7216,-6142,482
07:33.5,0 days 00:20:28.865000,3,377.4213889,0 days 00:05:39.644000,10299,224,6,86,FALSE,8,pos,12317.89086,0.344744296,OnTrack,-7207,-6219,482
07:33.6,0 days 00:20:28.890000,3,373.0880556,0 days 00:05:39.669000,10510,226,6,72,FALSE,8,car,12319.45833,0.344788165,OnTrack,-7205,-6230,481
07:33.8,0 days 00:20:29.125000,3,366.9655556,0 days 00:05:39.904000,10480,225,6,75,FALSE,8,pos,12334.14801,0.345199289,OnTrack,-7157,-6357,481
07:33.9,0 days 00:20:29.169000,3,360.8430556,0 days 00:05:39.948000,10450,225,6,78,FALSE,8,car,12336.89583,0.345276194,OnTrack,-7129,-6392,480
07:34.0,0 days 00:20:29.325000,3,355.3430556,0 days 00:05:40.104000,10518,225,6,83,FALSE,8,pos,12346.64691,0.3455491,OnTrack,-7012,-6527,480
07:34.1,0 days 00:20:29.409000,3,349.8430556,0 days 00:05:40.188000,10586,226,6,89,FALSE,8,car,12351.9625,0.345697869,OnTrack,-6973,-6576,479
07:34.4,0 days 00:20:29.725000,3,340.9684722,0 days 00:05:40.504000,10735,230,6,94,FALSE,8,pos,12372.55195,0.346274111,OnTrack,-6946,-6679,480
07:34.5,0 days 00:20:29.770000,3,332.0938889,0 days 00:05:40.549000,10884,235,6,100,FALSE,8,car,12375.52778,0.346357397,OnTrack,-6939,-6702,479
07:34.7,0 days 00:20:29.985000,3,325.4642593,0 days 00:05:40.764000,10944,237,6,100,FALSE,8,pos,12389.84058,0.346757973,OnTrack,-6894,-6844,479
07:34.8,0 days 00:20:30.086000,3,318.8346296,0 days 00:05:40.865000,11005,239,6,100,FALSE,8,pos,12396.62628,0.346947887,OnTrack,-6876,-6908,479
07:34.9,0 days 00:20:30.170000,3,312.205,0 days 00:05:40.949000,11066,241,6,100,FALSE,8,car,12402.30556,0.347106834,OnTrack,-6861,-6962,479
07:35.0,0 days 00:20:30.286000,3,306.3383333,0 days 00:05:41.065000,10844,242,6,66,FALSE,8,pos,12410.20168,0.347327825,OnTrack,-6842,-7038,479
07:35.2,0 days 00:20:30.506000,3,300.4716667,0 days 00:05:41.285000,10622,243,6,33,FALSE,8,pos,12425.11631,0.347745245,OnTrack,-6812,-7173,479
07:35.2,0 days 00:20:30.530000,3,294.605,0 days 00:05:41.309000,10401,244,6,0,TRUE,8,car,12426.70556,0.347789724,OnTrack,-6809,-7187,479
07:35.4,0 days 00:20:30.730000,3,286.0494444,0 days 00:05:41.509000,9796,229,6,0,TRUE,8,car,12439.42778,0.348145784,OnTrack,-6788,-7308,479
07:35.4,0 days 00:20:30.766000,3,283.4716667,0 days 00:05:41.545000,9894,214,6,0,TRUE,8,pos,12441.52298,0.348204423,OnTrack,-6785,-7329,479
07:35.6,0 days 00:20:30.890000,3,280.8938889,0 days 00:05:41.669000,9993,199,6,0,TRUE,8,car,12448.27222,0.348393316,OnTrack,-6775,-7397,478
07:35.7,0 days 00:20:30.986000,3,278.642037,0 days 00:05:41.765000,9937,190,6,0,TRUE,8,pos,12453.14254,0.348529623,OnTrack,-6769,-7448,479
07:35.8,0 days 00:20:31.146000,3,276.3901852,0 days 00:05:41.925000,9881,181,6,0,TRUE,8,pos,12460.70867,0.348741379,OnTrack,-6760,-7528,479
07:35.9,0 days 00:20:31.210000,3,274.1383333,0 days 00:05:41.989000,9825,173,5,0,TRUE,8,car,12463.65,0.348823698,OnTrack,-6757,-7558,478
07:36.1,0 days 00:20:31.370000,3,271.7383333,0 days 00:05:42.149000,9638,161,4,0,TRUE,8,car,12470.80556,0.349023963,OnTrack,-6751,-7630,478
07:36.1,0 days 00:20:31.446000,3,271.0494444,0 days 00:05:42.225000,9474,157,4,0,TRUE,8,pos,12474.04788,0.349114707,OnTrack,-6749,-7664,479
07:36.3,0 days 00:20:31.606000,3,270.3605556,0 days 00:05:42.385000,9311,153,4,0,TRUE,8,pos,12480.5789,0.349297492,OnTrack,-6746,-7731,479
07:36.3,0 days 00:20:31.610000,3,269.6716667,0 days 00:05:42.389000,9148,149,4,0,TRUE,8,car,12480.73889,0.34930197,OnTrack,-6745,-7732,479
07:36.5,0 days 00:20:31.785000,3,269.1161111,0 days 00:05:42.564000,9478,144,4,0,TRUE,8,pos,12487.57488,0.349493291,OnTrack,-6746,-7802,479
07:36.5,0 days 00:20:31.810000,3,268.5605556,0 days 00:05:42.589000,9809,140,4,0,TRUE,8,car,12488.51667,0.349519649,OnTrack,-6746,-7811,478
07:36.6,0 days 00:20:31.965000,3,267.542037,0 days 00:05:42.744000,9569,135,4,0,TRUE,8,pos,12494.1359,0.349676916,OnTrack,-6751,-7867,479
07:36.9,0 days 00:20:32.205000,3,266.5235185,0 days 00:05:42.984000,9329,130,4,0,TRUE,8,pos,12502.28864,0.349905089,OnTrack,-6774,-7939,479
07:36.9,0 days 00:20:32.250000,3,265.505,0 days 00:05:43.029000,9089,125,3,0,FALSE,8,car,12503.79444,0.349947232,OnTrack,-6781,-7950,478
07:37.1,0 days 00:20:32.385000,3,264.5383333,0 days 00:05:43.164000,8931,122,3,0,FALSE,8,pos,12508.27829,0.350072723,OnTrack,-6811,-7981,479
07:37.2,0 days 00:20:32.490000,3,263.5716667,0 days 00:05:43.269000,8773,119,3,0,TRUE,8,car,12511.72778,0.350169265,OnTrack,-6842,-8006,479
07:37.2,0 days 00:20:32.545000,3,262.9716667,0 days 00:05:43.324000,8683,118,3,0,TRUE,8,pos,12513.52052,0.350219439,OnTrack,-6857,-8021,479
07:37.3,0 days 00:20:32.650000,3,262.3716667,0 days 00:05:43.429000,8594,117,3,0,FALSE,8,car,12516.92778,0.350314799,OnTrack,-6877,-8050,478
07:37.5,0 days 00:20:32.825000,3,261.305,0 days 00:05:43.604000,8537,116,3,0,FALSE,8,pos,12522.60091,0.350473574,OnTrack,-6894,-8101,479
07:37.6,0 days 00:20:32.890000,3,260.2383333,0 days 00:05:43.669000,8480,116,3,1,FALSE,8,car,12524.66111,0.350531234,OnTrack,-6897,-8118,479
07:37.7,0 days 00:20:33.045000,3,258.8161111,0 days 00:05:43.824000,8459,113,3,15,FALSE,8,pos,12529.41361,0.350664243,OnTrack,-6898,-8171,479
07:37.9,0 days 00:20:33.210000,3,257.3938889,0 days 00:05:43.989000,8439,110,3,29,FALSE,8,car,12534.43889,0.350804887,OnTrack,-6888,-8265,478
07:37.9,0 days 00:20:33.225000,3,255.9012963,0 days 00:05:44.004000,8959,113,3,45,FALSE,8,pos,12534.90563,0.35081795,OnTrack,-6888,-8272,478
07:38.3,0 days 00:20:33.585000,3,254.4087037,0 days 00:05:44.364000,9480,116,3,62,FALSE,8,pos,12546.6119,0.351145577,OnTrack,-6876,-8341,478
07:38.4,0 days 00:20:33.730000,3,252.9161111,0 days 00:05:44.509000,10001,119,3,79,FALSE,8,car,12551.62778,0.351285957,OnTrack,-6862,-8391,477
07:38.6,0 days 00:20:33.925000,3,251.9438889,0 days 00:05:44.704000,10404,125,3,88,FALSE,8,pos,12558.71497,0.351484309,OnTrack,-6841,-8471,476
07:38.6,0 days 00:20:33.930000,3,250.9716667,0 days 00:05:44.709000,10807,131,3,97,FALSE,8,car,12558.90556,0.351489643,OnTrack,-6840,-8472,475
07:38.8,0 days 00:20:34.090000,3,249.2383333,0 days 00:05:44.869000,10807,143,3,100,FALSE,8,car,12565.26111,0.351667517,OnTrack,-6828,-8516,475
07:38.9,0 days 00:20:34.225000,3,248.1827778,0 days 00:05:45.004000,10457,148,3,100,FALSE,8,pos,12570.93878,0.35182642,OnTrack,-6807,-8570,476
07:39.0,0 days 00:20:34.290000,3,247.1272222,0 days 00:05:45.069000,10107,153,3,100,FALSE,8,car,12573.76111,0.351905409,OnTrack,-6789,-8609,476
07:39.1,0 days 00:20:34.445000,3,245.9605556,0 days 00:05:45.224000,10258,158,3,100,FALSE,8,pos,12580.70712,0.352099809,OnTrack,-6741,-8716,478
07:39.2,0 days 00:20:34.530000,3,244.7938889,0 days 00:05:45.309000,10409,163,4,100,FALSE,8,car,12584.62778,0.352209538,OnTrack,-6721,-8757,478
07:39.4,0 days 00:20:34.730000,3,243.0161111,0 days 00:05:45.509000,11160,171,4,100,FALSE,8,car,12594.12778,0.352475417,OnTrack,-6694,-8804,478
07:39.6,0 days 00:20:34.925000,3,242.3938889,0 days 00:05:45.704000,11291,173,4,100,FALSE,8,pos,12603.74263,0.352744511,OnTrack,-6657,-8859,478
07:39.7,0 days 00:20:35.005000,3,241.7716667,0 days 00:05:45.784000,11422,176,4,100,FALSE,8,pos,12607.79459,0.352857914,OnTrack,-6634,-8893,478
07:39.7,0 days 00:20:35.010000,3,241.1494444,0 days 00:05:45.789000,11554,179,4,100,FALSE,8,car,12608.05,0.352865062,OnTrack,-6632,-8895,477
07:39.9,0 days 00:20:35.245000,3,240.0994444,0 days 00:05:46.024000,11056,184,4,100,FALSE,8,pos,12620.33659,0.35320893,OnTrack,-6557,-8992,477
07:40.1,0 days 00:20:35.370000,3,239.0494444,0 days 00:05:46.149000,10559,190,4,100,FALSE,8,car,12627.05,0.35339682,OnTrack,-6513,-9042,477
07:40.1,0 days 00:20:35.405000,3,238.6272222,0 days 00:05:46.184000,10631,193,4,100,FALSE,8,pos,12628.94793,0.353449938,OnTrack,-6499,-9057,478
07:40.2,0 days 00:20:35.530000,3,238.205,0 days 00:05:46.309000,10704,197,5,100,FALSE,8,car,12635.80556,0.353641865,OnTrack,-6437,-9109,478
07:40.5,0 days 00:20:35.770000,3,237.7383333,0 days 00:05:46.549000,10397,197,5,0,TRUE,8,car,12648.93889,0.354009431,OnTrack,-6293,-9209,477
07:40.5,0 days 00:20:35.805000,3,261.6772222,0 days 00:05:46.584000,8869,143,5,0,TRUE,8,pos,12650.6424,0.354057108,OnTrack,-6274,-9222,477
07:41.7,0 days 00:20:37.010000,3,285.6161111,0 days 00:05:47.789000,7342,89,2,0,TRUE,8,car,12679.59444,0.354867397,OnTrack,-5964,-9418,482
07:41.9,0 days 00:20:37.186000,3,290.5161111,0 days 00:05:47.965000,7003,88,2,0,TRUE,8,pos,12683.90303,0.354987982,OnTrack,-5947,-9450,483
07:41.9,0 days 00:20:37.250000,3,295.4161111,0 days 00:05:48.029000,6665,87,2,0,TRUE,8,car,12685.39444,0.355029723,OnTrack,-5941,-9462,482
07:41.9,0 days 00:20:37.266000,3,300.5124074,0 days 00:05:48.045000,6562,81,2,0,TRUE,8,pos,12685.7522,0.355039735,OnTrack,-5940,-9466,483
07:42.2,0 days 00:20:37.546000,3,305.6087037,0 days 00:05:48.325000,6460,76,2,0,TRUE,8,pos,12691.25449,0.35519373,OnTrack,-5929,-9522,485
07:42.3,0 days 00:20:37.570000,3,310.705,0 days 00:05:48.349000,6358,71,2,0,TRUE,8,car,12691.70556,0.355206354,OnTrack,-5929,-9528,485
07:42.4,0 days 00:20:37.766000,3,317.7438889,0 days 00:05:48.545000,5955,69,2,0,TRUE,8,pos,12695.38325,0.355309282,OnTrack,-5936,-9585,486
07:42.5,0 days 00:20:37.850000,3,324.7827778,0 days 00:05:48.629000,5552,67,2,0,TRUE,8,car,12696.91667,0.355352199,OnTrack,-5938,-9601,486
07:42.7,0 days 00:20:38.010000,3,333.1827778,0 days 00:05:48.789000,5549,63,2,0,TRUE,8,car,12699.71667,0.355430563,OnTrack,-5943,-9616,485
07:42.8,0 days 00:20:38.146000,3,339.1087037,0 days 00:05:48.925000,5593,61,2,3,TRUE,8,pos,12701.93313,0.355492596,OnTrack,-5951,-9631,487
07:42.9,0 days 00:20:38.206000,3,345.0346296,0 days 00:05:48.985000,5637,59,2,6,TRUE,8,pos,12702.87066,0.355518835,OnTrack,-5956,-9639,488
07:43.0,0 days 00:20:38.330000,3,350.9605556,0 days 00:05:49.109000,5681,58,2,9,FALSE,8,car,12704.87222,0.355574853,OnTrack,-5965,-9655,488
07:43.1,0 days 00:20:38.445000,3,359.8494444,0 days 00:05:49.224000,5831,59,2,16,FALSE,8,pos,12706.81628,0.355629262,OnTrack,-5977,-9672,488
07:43.4,0 days 00:20:38.745000,3,368.7383333,0 days 00:05:49.524000,5982,61,2,23,FALSE,8,pos,12712.13972,0.355778251,OnTrack,-6033,-9718,491
07:43.5,0 days 00:20:38.810000,3,377.6272222,0 days 00:05:49.589000,6133,63,2,30,FALSE,8,car,12713.27222,0.355809946,OnTrack,-6039,-9722,491
07:43.7,0 days 00:20:39.025000,3,384.2938889,0 days 00:05:49.804000,6216,63,2,36,FALSE,8,pos,12717.00742,0.355914484,OnTrack,-6057,-9728,492
07:43.7,0 days 00:20:39.050000,3,390.9605556,0 days 00:05:49.829000,6300,63,2,43,FALSE,8,car,12717.47222,0.355927493,OnTrack,-6061,-9729,492
07:44.1,0 days 00:20:39.385000,3,400.9105556,0 days 00:05:50.164000,6900,70,2,48,FALSE,8,pos,12724.58356,0.35612652,OnTrack,-6148,-9754,498
07:44.1,0 days 00:20:39.410000,3,410.8605556,0 days 00:05:50.189000,7500,77,2,54,FALSE,8,car,12725.17222,0.356142995,OnTrack,-6153,-9755,498
07:44.4,0 days 00:20:39.685000,3,418.1716667,0 days 00:05:50.464000,8221,83,2,62,FALSE,8,pos,12732.04447,0.35633533,OnTrack,-6196,-9760,501
07:44.4,0 days 00:20:39.690000,3,425.4827778,0 days 00:05:50.469000,8942,90,2,71,FALSE,8,car,12732.17222,0.356338906,OnTrack,-6196,-9760,501
07:44.5,0 days 00:20:39.850000,3,433.7494444,0 days 00:05:50.629000,9756,94,2,76,FALSE,8,car,12736.35,0.35645583,OnTrack,-6232,-9762,502
07:44.6,0 days 00:20:39.905000,3,440.2438889,0 days 00:05:50.684000,10072,102,2,78,FALSE,8,pos,12737.90339,0.356499306,OnTrack,-6245,-9764,503
07:44.8,0 days 00:20:40.130000,3,446.7383333,0 days 00:05:50.909000,10389,110,2,80,FALSE,8,car,12744.90556,0.356695277,OnTrack,-6300,-9769,505
07:44.8,0 days 00:20:40.165000,3,450.7383333,0 days 00:05:50.944000,10517,115,2,77,FALSE,8,pos,12746.05914,0.356727563,OnTrack,-6314,-9770,506
07:45.0,0 days 00:20:40.330000,3,454.7383333,0 days 00:05:51.109000,10646,120,2,75,FALSE,8,car,12751.57222,0.356881859,OnTrack,-6402,-9772,510
07:45.1,0 days 00:20:40.425000,3,459.7938889,0 days 00:05:51.204000,9791,115,2,37,FALSE,8,pos,12754.60197,0.356966653,OnTrack,-6445,-9773,512
07:45.3,0 days 00:20:40.610000,3,464.8494444,0 days 00:05:51.389000,8936,110,2,0,TRUE,8,car,12760.12778,0.357121306,OnTrack,-6473,-9772,513
07:45.4,0 days 00:20:40.705000,3,468.2938889,0 days 00:05:51.484000,8574,104,2,0,TRUE,8,pos,12762.7715,0.357195297,OnTrack,-6485,-9771,514
07:45.6,0 days 00:20:40.965000,3,471.7383333,0 days 00:05:51.744000,8212,99,2,0,TRUE,8,pos,12769.4556,0.357382366,OnTrack,-6555,-9764,518
07:45.7,0 days 00:20:41.010000,3,475.1827778,0 days 00:05:51.789000,7850,94,2,0,TRUE,8,car,12770.57222,0.357413617,OnTrack,-6566,-9762,518
07:45.9,0 days 00:20:41.170000,3,478.7827778,0 days 00:05:51.949000,7751,88,2,0,FALSE,8,car,12774.48333,0.357523079,OnTrack,-6604,-9756,518
07:45.9,0 days 00:20:41.205000,3,480.5198148,0 days 00:05:51.984000,7632,87,2,0,FALSE,8,pos,12775.3355,0.357546929,OnTrack,-6613,-9755,519
07:46.1,0 days 00:20:41.445000,3,482.2568519,0 days 00:05:52.224000,7513,87,2,0,FALSE,8,pos,12781.13171,0.357709149,OnTrack,-6667,-9738,520
07:46.1,0 days 00:20:41.450000,3,483.9938889,0 days 00:05:52.229000,7395,87,2,0,FALSE,8,car,12781.25,0.357712459,OnTrack,-6668,-9737,520
07:46.3,0 days 00:20:41.605000,3,485.542037,0 days 00:05:52.384000,7358,85,2,3,FALSE,8,pos,12784.85613,0.357813385,OnTrack,-6698,-9722,520
07:46.5,0 days 00:20:41.805000,3,487.0901852,0 days 00:05:52.584000,7321,83,2,6,FALSE,8,pos,12789.36992,0.357939714,OnTrack,-6732,-9694,519
07:46.6,0 days 00:20:41.890000,3,488.6383333,0 days 00:05:52.669000,7285,82,2,10,FALSE,8,car,12791.27222,0.357992954,OnTrack,-6744,-9679,517
07:46.7,0 days 00:20:42.065000,3,489.7383333,0 days 00:05:52.844000,7425,81,2,10,FALSE,8,pos,12795.17967,0.358102313,OnTrack,-6765,-9646,515
07:46.8,0 days 00:20:42.130000,3,490.8383333,0 days 00:05:52.909000,7565,81,2,10,FALSE,8,car,12796.67222,0.358144086,OnTrack,-6770,-9634,514
07:46.9,0 days 00:20:42.265000,3,491.4716667,0 days 00:05:53.044000,7776,83,2,23,FALSE,8,pos,12799.88801,0.358234087,OnTrack,-6782,-9602,513
07:47.1,0 days 00:20:42.405000,3,492.105,0 days 00:05:53.184000,7987,85,2,37,FALSE,8,pos,12803.35384,0.358331086,OnTrack,-6798,-9545,511
07:47.2,0 days 00:20:42.490000,3,492.7383333,0 days 00:05:53.269000,8199,88,2,51,FALSE,8,car,12805.47222,0.358390374,OnTrack,-6804,-9520,510
07:47.3,0 days 00:20:42.649000,3,493.3125,0 days 00:05:53.428000,8697,92,2,75,FALSE,8,car,12809.53556,0.358504095,OnTrack,-6808,-9499,510
07:47.4,0 days 00:20:42.745000,3,492.9782407,0 days 00:05:53.524000,9287,98,2,80,FALSE,8,pos,12812.26752,0.358580555,OnTrack,-6812,-9481,510
07:47.6,0 days 00:20:42.945000,3,492.6439815,0 days 00:05:53.724000,9878,105,2,86,FALSE,8,pos,12818.61952,0.358758331,OnTrack,-6824,-9422,509
07:47.7,0 days 00:20:43.010000,3,492.3097222,0 days 00:05:53.789000,10469,112,2,92,FALSE,8,car,12820.76667,0.358818424,OnTrack,-6828,-9401,508
07:47.8,0 days 00:20:43.125000,3,491.7541667,0 days 00:05:53.904000,10941,117,2,92,FALSE,8,pos,12824.6382,0.358926777,OnTrack,-6838,-9366,507
07:47.9,0 days 00:20:43.210000,3,491.1986111,0 days 00:05:53.989000,11414,123,2,92,FALSE,8,car,12827.6,0.35900967,OnTrack,-6846,-9338,506
07:48.0,0 days 00:20:43.346000,3,490.2652778,0 days 00:05:54.125000,11189,128,2,96,FALSE,8,pos,12832.57045,0.359148779,OnTrack,-6864,-9295,506
07:48.1,0 days 00:20:43.450000,3,489.3319444,0 days 00:05:54.229000,10964,133,3,100,FALSE,8,car,12836.46667,0.359257824,OnTrack,-6878,-9261,506
07:48.2,0 days 00:20:43.526000,3,488.6208333,0 days 00:05:54.305000,11148,135,3,100,FALSE,8,pos,12839.3235,0.359337779,OnTrack,-6893,-9233,506
07:48.3,0 days 00:20:43.610000,3,487.9097222,0 days 00:05:54.389000,11332,138,3,100,FALSE,14,car,12842.6,0.359429479,OnTrack,-6916,-9193,505
07:48.5,0 days 00:20:43.866000,3,486.0819444,0 days 00:05:54.645000,11227,149,3,100,FALSE,14,pos,12853.98818,0.359748203,OnTrack,-7006,-9059,503
07:48.6,0 days 00:20:43.890000,3,484.2541667,0 days 00:05:54.669000,11123,161,3,100,FALSE,12,car,12855.12222,0.359779942,OnTrack,-7011,-9050,502
07:48.9,0 days 00:20:44.206000,3,480.7708333,0 days 00:05:54.985000,11420,170,3,100,FALSE,12,pos,12870.73364,0.360216863,OnTrack,-7063,-8977,504
07:49.0,0 days 00:20:44.330000,3,477.2875,0 days 00:05:55.109000,11717,179,4,100,FALSE,12,car,12877,0.360392242,OnTrack,-7093,-8930,504
07:49.2,0 days 00:20:44.490000,3,474.8430556,0 days 00:05:55.269000,11017,184,4,100,FALSE,12,car,12885.17778,0.360621116,OnTrack,-7138,-8855,503
07:49.2,0 days 00:20:44.506000,3,472.7689815,0 days 00:05:55.285000,10975,190,4,100,FALSE,12,pos,12886.02355,0.360644787,OnTrack,-7143,-8848,504
07:49.4,0 days 00:20:44.686000,3,470.6949074,0 days 00:05:55.465000,10934,196,4,100,FALSE,12,pos,12895.98974,0.360923713,OnTrack,-7186,-8762,504
07:49.6,0 days 00:20:44.890000,3,468.6208333,0 days 00:05:55.669000,10893,203,5,100,FALSE,12,car,12907.73333,0.361252384,OnTrack,-7229,-8664,503
07:49.6,0 days 00:20:44.925000,3,467.3541667,0 days 00:05:55.704000,11069,205,5,100,FALSE,12,pos,12909.73949,0.361308531,OnTrack,-7239,-8639,503
07:49.7,0 days 00:20:45.050000,3,466.0875,0 days 00:05:55.829000,11246,207,5,100,FALSE,12,car,12916.93333,0.361509867,OnTrack,-7281,-8520,502
07:49.8,0 days 00:20:45.105000,3,463.8708333,0 days 00:05:55.884000,11474,211,5,100,FALSE,12,pos,12920.15852,0.361600132,OnTrack,-7298,-8474,503
07:50.0,0 days 00:20:45.330000,3,461.6541667,0 days 00:05:56.109000,11703,216,5,100,FALSE,12,car,12933.73333,0.361980054,OnTrack,-7326,-8391,503
07:50.1,0 days 00:20:45.465000,3,459.2819444,0 days 00:05:56.244000,11191,220,5,100,FALSE,12,pos,12942.10595,0.36221438,OnTrack,-7343,-8335,503
07:50.3,0 days 00:20:45.610000,3,456.9097222,0 days 00:05:56.389000,10679,225,5,100,FALSE,12,car,12951.23333,0.362469831,OnTrack,-7377,-8217,502
07:50.5,0 days 00:20:45.805000,3,454.2430556,0 days 00:05:56.584000,10769,228,5,100,FALSE,12,pos,12963.64895,0.362817311,OnTrack,-7428,-8043,502
07:50.6,0 days 00:20:45.930000,3,451.5763889,0 days 00:05:56.709000,10860,231,6,100,FALSE,12,car,12971.76667,0.363044503,OnTrack,-7444,-7982,501
07:50.8,0 days 00:20:46.165000,3,449.2819444,0 days 00:05:56.944000,11003,236,6,100,FALSE,12,pos,12987.45796,0.36348366,OnTrack,-7466,-7903,502
07:50.9,0 days 00:20:46.210000,3,446.9875,0 days 00:05:56.989000,11147,241,6,100,FALSE,12,car,12990.51111,0.363569109,OnTrack,-7473,-7875,502
07:51.0,0 days 00:20:46.285000,3,444.6930556,0 days 00:05:57.064000,11243,244,6,100,FALSE,12,pos,12995.62873,0.363712338,OnTrack,-7487,-7825,502
07:51.2,0 days 00:20:46.490000,3,442.3986111,0 days 00:05:57.269000,11340,248,6,100,FALSE,12,car,13009.8,0.364108953,OnTrack,-7522,-7688,501
07:51.2,0 days 00:20:46.565000,3,440.1041667,0 days 00:05:57.344000,11440,251,6,100,FALSE,12,pos,13015.05036,0.364255896,OnTrack,-7535,-7639,502
07:51.5,0 days 00:20:46.770000,3,437.8097222,0 days 00:05:57.549000,11540,254,6,100,FALSE,12,car,13029.55556,0.364661857,OnTrack,-7566,-7500,502
07:51.5,0 days 00:20:46.825000,3,436.2541667,0 days 00:05:57.604000,11270,255,6,100,FALSE,12,pos,13033.47504,0.364771553,OnTrack,-7574,-7462,503
07:51.7,0 days 00:20:47.025000,3,434.6986111,0 days 00:05:57.804000,11000,256,6,100,FALSE,12,pos,13047.81959,0.365173018,OnTrack,-7599,-7322,503
07:51.7,0 days 00:20:47.050000,3,433.1430556,0 days 00:05:57.829000,10730,258,6,100,FALSE,12,car,13049.62222,0.365223469,OnTrack,-7601,-7304,502
07:51.9,0 days 00:20:47.210000,3,430.5652778,0 days 00:05:57.989000,10087,261,7,100,FALSE,12,car,13061.22222,0.365548121,OnTrack,-7616,-7192,502
07:51.9,0 days 00:20:47.245000,3,428.7625,0 days 00:05:58.024000,10268,262,7,100,FALSE,12,pos,13063.78264,0.36561978,OnTrack,-7620,-7165,503
07:52.1,0 days 00:20:47.405000,3,426.9597222,0 days 00:05:58.184000,10449,264,7,100,FALSE,12,pos,13075.60566,0.365950674,OnTrack,-7634,-7024,503
07:52.3,0 days 00:20:47.625000,3,425.1569444,0 days 00:05:58.404000,10630,266,7,100,FALSE,12,pos,13092.09436,0.366412148,OnTrack,-7652,-6786,502
07:52.3,0 days 00:20:47.650000,3,423.3541667,0 days 00:05:58.429000,10812,268,7,100,FALSE,12,car,13093.97778,0.36646486,OnTrack,-7653,-6764,501
07:52.7,0 days 00:20:47.970000,3,418.1986111,0 days 00:05:58.749000,10955,273,7,100,FALSE,12,car,13118.24444,0.367144018,OnTrack,-7662,-6604,501
07:52.8,0 days 00:20:48.105000,3,416.5875,0 days 00:05:58.884000,11032,274,7,100,FALSE,12,pos,13128.55765,0.367432657,OnTrack,-7669,-6498,502
07:52.9,0 days 00:20:48.170000,3,414.9763889,0 days 00:05:58.949000,11110,276,7,100,FALSE,12,car,13133.57778,0.367573157,OnTrack,-7673,-6426,502
07:52.9,0 days 00:20:48.265000,3,413.0097222,0 days 00:05:59.044000,11204,278,7,100,FALSE,12,pos,13141.00682,0.367781075,OnTrack,-7680,-6313,503
07:53.1,0 days 00:20:48.410000,3,411.0430556,0 days 00:05:59.189000,11299,280,7,100,FALSE,12,car,13152.24444,0.368095586,OnTrack,-7679,-6163,503
07:53.3,0 days 00:20:48.625000,3,409.5652778,0 days 00:05:59.404000,10771,270,7,50,FALSE,12,pos,13167.8427,0.368532139,OnTrack,-7669,-5999,503
07:53.4,0 days 00:20:48.690000,3,408.0875,0 days 00:05:59.469000,10243,261,7,0,TRUE,8,car,13172.54444,0.368663728,OnTrack,-7666,-5964,502
07:53.5,0 days 00:20:48.850000,3,406.5319444,0 days 00:05:59.629000,9677,261,7,0,TRUE,8,car,13184.14444,0.36898838,OnTrack,-7663,-5907,502
07:53.7,0 days 00:20:49.005000,3,406.2652778,0 days 00:05:59.784000,9465,250,7,0,TRUE,8,pos,13194.44354,0.369276624,OnTrack,-7657,-5834,503
07:53.7,0 days 00:20:49.010000,3,405.9986111,0 days 00:05:59.789000,9253,239,7,0,TRUE,8,car,13194.76667,0.369285667,OnTrack,-7656,-5830,503
07:53.9,0 days 00:20:49.250000,3,406.2652778,0 days 00:06:00.029000,8749,226,7,0,TRUE,8,car,13209.83333,0.369707342,OnTrack,-7633,-5634,509
07:54.1,0 days 00:20:49.385000,3,407.2375,0 days 00:06:00.164000,8268,216,7,0,TRUE,8,pos,13217.79512,0.369930171,OnTrack,-7621,-5542,512
07:54.2,0 days 00:20:49.530000,3,408.2097222,0 days 00:06:00.309000,7788,206,7,0,TRUE,8,car,13225.85556,0.370155761,OnTrack,-7612,-5488,512
07:54.4,0 days 00:20:49.685000,3,410.8208333,0 days 00:06:00.464000,8208,191,7,0,TRUE,8,pos,13233.84665,0.37037941,OnTrack,-7602,-5435,514
07:54.6,0 days 00:20:49.930000,3,413.4319444,0 days 00:06:00.709000,8628,177,6,0,TRUE,8,car,13245.52222,0.370706177,OnTrack,-7567,-5267,520
07:54.7,0 days 00:20:49.986000,3,415.0152778,0 days 00:06:00.765000,8439,170,6,0,TRUE,8,pos,13248.11275,0.370778679,OnTrack,-7560,-5234,521
07:54.8,0 days 00:20:50.130000,3,416.5986111,0 days 00:06:00.909000,8250,163,6,0,TRUE,8,car,13254.57778,0.370959618,OnTrack,-7547,-5175,521
07:55.1,0 days 00:20:50.406000,3,418.8930556,0 days 00:06:01.185000,8528,154,6,0,TRUE,8,pos,13265.77907,0.371273111,OnTrack,-7530,-5111,521
07:55.1,0 days 00:20:50.410000,3,421.1875,0 days 00:06:01.189000,8807,146,6,0,TRUE,8,car,13265.93333,0.371277429,OnTrack,-7529,-5109,521
07:55.3,0 days 00:20:50.570000,3,423.8986111,0 days 00:06:01.349000,8310,136,4,0,TRUE,8,car,13271.97778,0.371446597,OnTrack,-7512,-5049,523
07:55.3,0 days 00:20:50.606000,3,425.2986111,0 days 00:06:01.385000,8298,134,4,0,TRUE,8,pos,13273.31942,0.371484146,OnTrack,-7509,-5037,524
07:55.4,0 days 00:20:50.730000,3,426.6986111,0 days 00:06:01.509000,8286,132,4,0,TRUE,8,car,13277.84444,0.371610789,OnTrack,-7497,-4996,525
07:55.5,0 days 00:20:50.806000,3,429.0319444,0 days 00:06:01.585000,8508,125,4,0,TRUE,8,pos,13280.45761,0.371683924,OnTrack,-7489,-4967,526
07:55.7,0 days 00:20:50.970000,3,431.3652778,0 days 00:06:01.749000,8730,119,3,0,TRUE,8,car,13285.77778,0.371832821,OnTrack,-7459,-4878,529
07:55.7,0 days 00:20:51.026000,3,433.7652778,0 days 00:06:01.805000,8379,116,3,0,TRUE,8,pos,13287.55691,0.371882614,OnTrack,-7451,-4853,531
07:55.9,0 days 00:20:51.210000,3,436.1652778,0 days 00:06:01.989000,8029,113,3,0,TRUE,8,car,13293.31111,0.372043659,OnTrack,-7435,-4811,533
07:56.1,0 days 00:20:51.370000,3,439.3208333,0 days 00:06:02.149000,7962,111,3,0,FALSE,8,car,13298.24444,0.372181729,OnTrack,-7427,-4794,533
07:56.1,0 days 00:20:51.386000,3,441.3208333,0 days 00:06:02.165000,7878,109,3,0,FALSE,8,pos,13298.73211,0.372195378,OnTrack,-7426,-4792,534
07:56.3,0 days 00:20:51.570000,3,443.3208333,0 days 00:06:02.349000,7794,108,3,0,FALSE,8,car,13304.24444,0.372349653,OnTrack,-7405,-4750,535
07:56.3,0 days 00:20:51.665000,3,446.4986111,0 days 00:06:02.444000,7715,106,3,1,FALSE,8,pos,13307.00415,0.372426889,OnTrack,-7387,-4725,536
07:56.5,0 days 00:20:51.865000,3,449.6763889,0 days 00:06:02.644000,7637,104,3,2,FALSE,8,pos,13312.6364,0.372584521,OnTrack,-7332,-4675,537
07:56.7,0 days 00:20:52.010000,3,452.8541667,0 days 00:06:02.789000,7559,102,3,3,FALSE,8,car,13316.71111,0.372698561,OnTrack,-7298,-4653,537
07:56.9,0 days 00:20:52.250000,3,457.8541667,0 days 00:06:03.029000,7558,102,3,24,FALSE,8,car,13323.51111,0.372888875,OnTrack,-7249,-4638,539
07:57.0,0 days 00:20:52.285000,3,459.3652778,0 days 00:06:03.064000,7713,102,3,30,FALSE,8,pos,13324.50192,0.372916605,OnTrack,-7241,-4636,540
07:57.1,0 days 00:20:52.410000,3,460.8763889,0 days 00:06:03.189000,7868,102,3,37,FALSE,8,car,13328.04444,0.37301575,OnTrack,-7206,-4626,541
07:57.2,0 days 00:20:52.505000,3,462.7763889,0 days 00:06:03.284000,7960,103,3,47,FALSE,8,pos,13330.76169,0.373091799,OnTrack,-7179,-4620,542
07:57.3,0 days 00:20:52.650000,3,464.6763889,0 days 00:06:03.429000,8052,104,3,57,FALSE,8,car,13334.97778,0.373209795,OnTrack,-7138,-4611,543
07:57.3,0 days 00:20:52.665000,3,465.7652778,0 days 00:06:03.444000,8200,105,3,57,FALSE,8,pos,13335.42081,0.373222195,OnTrack,-7133,-4611,544
07:57.6,0 days 00:20:52.905000,3,466.8541667,0 days 00:06:03.684000,8348,107,3,57,FALSE,8,pos,13342.68195,0.373425414,OnTrack,-7036,-4599,550
07:57.6,0 days 00:20:52.930000,3,467.9430556,0 days 00:06:03.709000,8496,109,3,57,FALSE,8,car,13343.45556,0.373447065,OnTrack,-7027,-4598,550
07:57.8,0 days 00:20:53.090000,3,469.4097222,0 days 00:06:03.869000,8496,113,3,55,FALSE,8,car,13348.47778,0.373587624,OnTrack,-6983,-4593,553
07:57.9,0 days 00:20:53.250000,3,470.6541667,0 days 00:06:04.029000,8923,116,3,58,FALSE,8,car,13353.63333,0.373731914,OnTrack,-6947,-4590,555
07:58.0,0 days 00:20:53.325000,3,471.0875,0 days 00:06:04.104000,9087,119,3,58,FALSE,8,pos,13356.14416,0.373802185,OnTrack,-6927,-4589,557
07:58.2,0 days 00:20:53.545000,3,471.5208333,0 days 00:06:04.324000,9252,122,3,58,FALSE,8,pos,13363.87147,0.374018451,OnTrack,-6852,-4582,563
07:58.3,0 days 00:20:53.610000,3,471.9541667,0 days 00:06:04.389000,9417,126,3,59,FALSE,8,car,13366.23333,0.374084553,OnTrack,-6828,-4580,564
07:58.4,0 days 00:20:53.725000,3,471.9875,0 days 00:06:04.504000,9596,129,3,59,FALSE,8,pos,13370.49229,0.37420375,OnTrack,-6788,-4577,568
07:58.6,0 days 00:20:53.885000,3,472.0208333,0 days 00:06:04.664000,9775,132,3,59,FALSE,8,pos,13376.53984,0.374373005,OnTrack,-6730,-4571,572
07:58.7,0 days 00:20:53.970000,3,472.0541667,0 days 00:06:04.749000,9954,135,3,60,FALSE,8,car,13379.73333,0.374462382,OnTrack,-6698,-4567,574
07:58.8,0 days 00:20:54.085000,3,472.0986111,0 days 00:06:04.864000,9464,135,3,64,FALSE,8,pos,13384.02846,0.374582591,OnTrack,-6655,-4563,579
07:58.8,0 days 00:20:54.130000,3,472.1430556,0 days 00:06:04.909000,8974,135,3,68,FALSE,8,car,13385.73333,0.374630305,OnTrack,-6637,-4561,580
07:59.0,0 days 00:20:54.345000,3,471.6986111,0 days 00:06:05.124000,9193,140,3,66,FALSE,8,pos,13394.21084,0.374867568,OnTrack,-6554,-4550,587
07:59.2,0 days 00:20:54.530000,3,471.2541667,0 days 00:06:05.309000,9413,145,4,64,FALSE,8,car,13401.84444,0.375081212,OnTrack,-6472,-4537,593
07:59.3,0 days 00:20:54.585000,3,470.3041667,0 days 00:06:05.364000,9515,150,4,68,FALSE,8,pos,13404.15866,0.37514598,OnTrack,-6449,-4533,595
07:59.6,0 days 00:20:54.890000,3,469.3541667,0 days 00:06:05.669000,9617,155,4,73,FALSE,8,car,13417.34444,0.375515015,OnTrack,-6327,-4509,606
07:59.7,0 days 00:20:55.005000,3,468.3041667,0 days 00:06:05.784000,9882,158,4,71,FALSE,8,pos,13422.45387,0.375658014,OnTrack,-6281,-4499,611
07:59.9,0 days 00:20:55.170000,3,467.2541667,0 days 00:06:05.949000,10147,161,4,69,FALSE,8,car,13429.86667,0.375865478,OnTrack,-6210,-4482,617
07:59.9,0 days 00:20:55.245000,3,466.3652778,0 days 00:06:06.024000,10236,162,4,69,FALSE,8,pos,13433.24417,0.375960005,OnTrack,-6177,-4474,620
08:00.1,0 days 00:20:55.370000,3,465.4763889,0 days 00:06:06.149000,10326,163,4,69,FALSE,8,car,13438.92222,0.376118918,OnTrack,-6119,-4460,624
